data:text/csv;charset=utf-8,Query: TIEMPOS SELECT OH.ORDER_NO,yors.ORDER_HEADER_KEY,yors.STATUS,yors.STATUS_DATE,yors.CREATEUSERID,yors.MODIFYUSERID,ysl.SHIPMENT_KEY,ys.scac,ys.SHIPNODE_KEY,ys.ASSIGNED_TO_USER_ID from yfs_order_release_status yors, yfs_order_header OH,yfs_shipment_line ysl,yfs_shipment ys where oh.ORDER_HEADER_KEY=yors.ORDER_HEADER_KEY AND oh.order_header_key=ysl.order_header_key and ysl.SHIPMENT_KEY=ys.shipment_key and yors.status in ('1400','3350.1000','3350.1500','3700.1000','3700.2000','3350.1500.1000','3700.01','3700.02','9000') and OH.order_header_key &gt;
RN,ORDER_NO,ORDER_HEADER_KEY,STATUS,STATUS_DATE,CREATEUSERID,MODIFYUSERID,SHIPMENT_KEY,SCAC,SHIPNODE_KEY,ASSIGNED_TO_USER_ID,
200001,Y100086972,'202204292358341547642117,3700.1000,2022-04-29 23:58:35.0,DifarmaRelReturnIntegServer,DifarmaRelReturnIntegServer,'202204292358351547642159, , ,null,
200002,Y100086973,'202204300004221547666794,3700.1000,2022-04-30 00:04:24.0,DifarmaRelReturnIntegServer,DifarmaRelReturnIntegServer,'202204300004231547666849, , ,null,
200003,Y100086974,'202204300008381547673196,3350.1000,2022-04-30 00:09:47.0,DifarmaConsolidateToShipTOAgentServer,londono.leidy_m,'202204300009471547675260,MU,COCV_556,londono.leidy_m,
200004,Y100086974,'202204300008381547673196,3350.1500,2022-04-30 00:15:53.0,londono.leidy_m,londono.leidy_m,'202204300009471547675260,MU,COCV_556,londono.leidy_m,
200005,Y100086974,'202204300008381547673196,3350.1500.1000,2022-04-30 00:15:55.0,londono.leidy_m,londono.leidy_m,'202204300009471547675260,MU,COCV_556,londono.leidy_m,
200006,Y100086974,'202204300008381547673196,3700.1000,2022-04-30 00:32:50.0,londono.leidy_m,DifarmaDeliverToShipmentIntegService,'202204300009471547675260,MU,COCV_556,londono.leidy_m,
200007,Y100086974,'202204300008381547673196,3700.2000,2022-04-30 00:32:51.0,DifarmaDeliverToShipmentIntegService,castaneda.duvan_m,'202204300009471547675260,MU,COCV_556,londono.leidy_m,
200008,Y100086975,'202204300016161547691210,3700.1000,2022-04-30 00:16:17.0,DifarmaRelReturnIntegServer,DifarmaRelReturnIntegServer,'202204300016161547691257, , ,null,
200009,Y100086976,'202204300021131547702667,3700.1000,2022-05-04 11:59:15.0,DifarmaRelReturnIntegServer,pfwAdm,'202204300021131547702680, , ,null,
200010,Y100086976,'202204300021131547702667,9000,2022-05-04 12:01:24.0,pfwAdm,pfwAdm,'202204300021131547702680, , ,null,
200011,Y100086977,'202204300023331547706481,3700.1000,2022-05-04 11:59:15.0,DifarmaRelReturnIntegServer,pfwAdm,'202204300023331547706529, , ,null,
200012,Y100086977,'202204300023331547706481,9000,2022-05-04 12:01:25.0,pfwAdm,pfwAdm,'202204300023331547706529, , ,null,
200013,Y100086978,'202204300024311547708953,3700.1000,2022-04-30 00:24:32.0,DifarmaRelReturnIntegServer,DifarmaRelReturnIntegServer,'202204300024321547708988, , ,null,
200014,Y100086979,'202204300026021547710592,3700.1000,2022-05-04 11:59:16.0,DifarmaRelReturnIntegServer,pfwAdm,'202204300026031547710626, , ,null,
200015,Y100086979,'202204300026021547710592,9000,2022-05-04 12:01:25.0,pfwAdm,pfwAdm,'202204300026031547710626, , ,null,
200016,Y100086980,'202204300028101547713075,3700.1000,2022-04-30 00:28:11.0,DifarmaRelReturnIntegServer,DifarmaRelReturnIntegServer,'202204300028111547713115, , ,null,
200017,Y100086981,'202204300031171547725966,3700.1000,2022-05-04 11:59:15.0,DifarmaRelReturnIntegServer,pfwAdm,'202204300031181547726022, , ,null,
200018,Y100086981,'202204300031171547725966,9000,2022-05-04 12:01:25.0,pfwAdm,pfwAdm,'202204300031181547726022, , ,null,
200019,Y100086982,'202204300036071547733044,3700.1000,2022-04-30 00:36:08.0,DifarmaRelReturnIntegServer,DifarmaRelReturnIntegServer,'202204300036081547733084, , ,null,
200020,Y100086983,'202204300038361547736308,3700.1000,2022-04-30 00:38:38.0,DifarmaRelReturnIntegServer,DifarmaRelReturnIntegServer,'202204300038371547736505, , ,null,
200021,Y100086984,'202204300039001547737134,3700.1000,2022-05-04 11:59:19.0,DifarmaRelReturnIntegServer,pfwAdm,'202204300039011547737196, , ,null,
200022,Y100086984,'202204300039001547737134,9000,2022-05-04 12:01:33.0,pfwAdm,pfwAdm,'202204300039011547737196, , ,null,
200023,Y100086985,'202204300045301547751285,3700.1000,2022-04-30 00:45:31.0,DifarmaRelReturnIntegServer,DifarmaRelReturnIntegServer,'202204300045311547751340, , ,null,
200024,Y100086986,'202204300049381547756448,3350.1000,2022-04-30 00:50:47.0,DifarmaConsolidateToShipTOAgentServer,diaz.derlyn_m,'202204300050471547761883,MU,COCV_782,diaz.derlyn_m,
200025,Y100086986,'202204300049381547756448,3350.1500,2022-04-30 00:56:09.0,diaz.derlyn_m,diaz.derlyn_m,'202204300050471547761883,MU,COCV_782,diaz.derlyn_m,
200026,Y100086986,'202204300049381547756448,3350.1500.1000,2022-04-30 00:56:15.0,diaz.derlyn_m,gomez.liliana_m,'202204300050471547761883,MU,COCV_782,diaz.derlyn_m,
200027,Y100086986,'202204300049381547756448,3700.1000,2022-05-02 20:43:15.0,gomez.liliana_m,DifarmaDeliverToShipmentIntegService,'202204300050471547761883,MU,COCV_782,diaz.derlyn_m,
200028,Y100086986,'202204300049381547756448,3700.2000,2022-05-02 20:43:15.0,DifarmaDeliverToShipmentIntegService,jimenez.Paola_m,'202204300050471547761883,MU,COCV_782,diaz.derlyn_m,
200029,Y100086987,'202204300049381547756460,3350.1000,2022-04-30 00:50:47.0,DifarmaConsolidateToShipTOAgentServer,florez.sirley_m,'202204300050471547761903,MU,COCV_816,florez.sirley_m,
200030,Y100086987,'202204300049381547756460,3350.1500,2022-04-30 00:51:57.0,florez.sirley_m,florez.sirley_m,'202204300050471547761903,MU,COCV_816,florez.sirley_m,
200031,Y100086987,'202204300049381547756460,3350.1500.1000,2022-04-30 00:51:59.0,florez.sirley_m,caicedo.darnelly_m,'202204300050471547761903,MU,COCV_816,florez.sirley_m,
200032,Y100086987,'202204300049381547756460,3700.1000,2022-04-30 01:04:10.0,caicedo.darnelly_m,DifarmaDeliverToShipmentIntegService,'202204300050471547761903,MU,COCV_816,florez.sirley_m,
200033,Y100086987,'202204300049381547756460,3700.2000,2022-04-30 01:04:10.0,DifarmaDeliverToShipmentIntegService,burbano.marinela_m,'202204300050471547761903,MU,COCV_816,florez.sirley_m,
200034,Y100086988,'202204300056241547771407,3700.1000,2022-04-30 00:56:25.0,DifarmaRelReturnIntegServer,DifarmaRelReturnIntegServer,'202204300056251547771436, , ,null,
200035,Y100086989,'202204300101401547783027,3700.1000,2022-04-30 01:01:41.0,DifarmaRelReturnIntegServer,DifarmaRelReturnIntegServer,'202204300101411547783072, , ,null,
200036,Y100086989,'202204300101401547783027,3700.1000,2022-04-30 01:01:42.0,DifarmaRelReturnIntegServer,DifarmaRelReturnIntegServer,'202204300101411547783072, , ,null,
200037,Y100086990,'202204300106441547789982,3700.1000,2022-04-30 01:06:45.0,DifarmaRelReturnIntegServer,DifarmaRelReturnIntegServer,'202204300106451547790006, , ,null,
200038,Y100086991,'202204300108261547792391,3700.1000,2022-04-30 01:08:27.0,DifarmaRelReturnIntegServer,DifarmaRelReturnIntegServer,'202204300108271547792464, , ,null,
200039,Y100086992,'202204300116301547806662,3700.1000,2022-05-04 11:59:16.0,DifarmaRelReturnIntegServer,pfwAdm,'202204300116301547806675, , ,null,
200040,Y100086992,'202204300116301547806662,9000,2022-05-04 12:01:26.0,pfwAdm,pfwAdm,'202204300116301547806675, , ,null,
200041,Y100086993,'202204300142371547851529,3350.1000,2022-04-30 01:43:47.0,DifarmaConsolidateToShipTOAgentServer,herrera.edinson_m,'202204300143471547852922,MU,COCV_577,herrera.edinson_m,
200042,Y100086993,'202204300142371547851529,3350.1500,2022-04-30 12:59:58.0,herrera.edinson_m,herrera.edinson_m,'202204300143471547852922,MU,COCV_577,herrera.edinson_m,
200043,Y100086993,'202204300142371547851529,3350.1500.1000,2022-04-30 13:00:00.0,herrera.edinson_m,herrera.edinson_m,'202204300143471547852922,MU,COCV_577,herrera.edinson_m,
200044,Y100086993,'202204300142371547851529,3700.1000,2022-04-30 13:18:20.0,herrera.edinson_m,DifarmaDeliverToShipmentIntegService,'202204300143471547852922,MU,COCV_577,herrera.edinson_m,
200045,Y100086993,'202204300142371547851529,3700.2000,2022-04-30 13:18:20.0,DifarmaDeliverToShipmentIntegService,caicedo.darnelly_m,'202204300143471547852922,MU,COCV_577,herrera.edinson_m,
200046,Y100086994,'202204300150501547863206,3700.1000,2022-05-04 11:59:16.0,DifarmaRelReturnIntegServer,pfwAdm,'202204300150501547863219, , ,null,
200047,Y100086994,'202204300150501547863206,9000,2022-05-04 12:01:27.0,pfwAdm,pfwAdm,'202204300150501547863219, , ,null,
200048,Y100086995,'202204300153451547868527,3700.1000,2022-04-30 01:53:46.0,DifarmaRelReturnIntegServer,DifarmaRelReturnIntegServer,'202204300153461547868542, , ,null,
200049,Y100086996,'202204300155181547869738,3700.1000,2022-04-30 01:55:19.0,DifarmaRelReturnIntegServer,DifarmaRelReturnIntegServer,'202204300155191547869817, , ,null,
200050,Y100086997,'202204300155431547870165,3700.1000,2022-05-04 11:59:16.0,DifarmaRelReturnIntegServer,pfwAdm,'202204300155441547870189, , ,null,
200051,Y100086997,'202204300155431547870165,9000,2022-05-04 12:01:27.0,pfwAdm,pfwAdm,'202204300155441547870189, , ,null,
200052,Y100086998,'202204300157581547872665,3700.1000,2022-04-30 01:57:59.0,DifarmaRelReturnIntegServer,DifarmaRelReturnIntegServer,'202204300157591547872731, , ,null,
200053,Y100086999,'202204300201191547881232,3700.1000,2022-04-30 02:01:20.0,DifarmaRelReturnIntegServer,DifarmaRelReturnIntegServer,'202204300201201547881266, , ,null,
200054,Y100087000,'202204300203331547883880,3700.1000,2022-04-30 02:03:34.0,DifarmaRelReturnIntegServer,DifarmaRelReturnIntegServer,'202204300203331547883902, , ,null,
200055,Y100087001,'202204300218551547901645,3700.1000,2022-04-30 02:18:56.0,DifarmaRelReturnIntegServer,DifarmaRelReturnIntegServer,'202204300218561547901669, , ,null,
200056,Y100087002,'202204300220091547903320,3700.1000,2022-05-04 11:59:17.0,DifarmaRelReturnIntegServer,pfwAdm,'202204300220091547903425, , ,null,
200057,Y100087002,'202204300220091547903320,9000,2022-05-04 12:01:28.0,pfwAdm,pfwAdm,'202204300220091547903425, , ,null,
200058,Y100087003,'202204300221141547909075,3700.1000,2022-04-30 02:21:15.0,DifarmaRelReturnIntegServer,DifarmaRelReturnIntegServer,'202204300221141547909097, , ,null,
200059,Y100087004,'202204300224411547912193,3700.1000,2022-04-30 02:24:42.0,DifarmaRelReturnIntegServer,DifarmaRelReturnIntegServer,'202204300224421547912217, , ,null,
200060,Y100087005,'202204300226181547913264,3700.1000,2022-04-30 02:26:19.0,DifarmaRelReturnIntegServer,DifarmaRelReturnIntegServer,'202204300226191547913280, , ,null,
200061,Y100087006,'202204300245551547941298,3700.1000,2022-04-30 02:45:56.0,DifarmaRelReturnIntegServer,DifarmaRelReturnIntegServer,'202204300245561547941327, , ,null,
200062,Y100087007,'202204300246531547941912,3700.1000,2022-04-30 02:47:05.0,DifarmaRelReturnIntegServer,DifarmaRelReturnIntegServer,'202204300247041547942038, , ,null,
200063,Y100087008,'202204300247291547942266,3700.1000,2022-04-30 02:47:30.0,DifarmaRelReturnIntegServer,DifarmaRelReturnIntegServer,'202204300247301547942292, , ,null,
200064,Y100087009,'202204300300281547960532,3700.1000,2022-04-30 03:00:29.0,DifarmaRelReturnIntegServer,DifarmaRelReturnIntegServer,'202204300300291547960579, , ,null,
200065,Y100087010,'202204300308511547968643,3700.1000,2022-05-04 11:59:14.0,DifarmaRelReturnIntegServer,pfwAdm,'202204300308521547968672, , ,null,
200066,Y100087010,'202204300308511547968643,9000,2022-05-04 12:01:22.0,pfwAdm,pfwAdm,'202204300308521547968672, , ,null,
200067,Y100087011,'202204300417341548023983,3700.1000,2022-05-04 11:59:17.0,DifarmaRelReturnIntegServer,pfwAdm,'202204300417351548024011, , ,null,
200068,Y100087011,'202204300417341548023983,9000,2022-05-04 12:01:28.0,pfwAdm,pfwAdm,'202204300417351548024011, , ,null,
200069,Y100087012,'202204300422571548028890,3700.1000,2022-04-30 04:22:58.0,DifarmaRelReturnIntegServer,DifarmaRelReturnIntegServer,'202204300422581548028913, , ,null,
200070,Y100087013,'202204300425081548029549,3700.1000,2022-04-30 04:25:08.0,DifarmaRelReturnIntegServer,DifarmaRelReturnIntegServer,'202204300425081548029619, , ,null,
200071,Y100087014,'202204300426011548030302,3700.1000,2022-04-30 04:26:02.0,DifarmaRelReturnIntegServer,DifarmaRelReturnIntegServer,'202204300426021548030317, , ,null,
200072,Y100087015,'202204300449551548041822,3700.1000,2022-04-30 04:49:56.0,DifarmaRelReturnIntegServer,DifarmaRelReturnIntegServer,'202204300449561548041845, , ,null,
200073,Y100087016,'202204300530321548062264,3700.1000,2022-04-30 05:30:33.0,DifarmaRelReturnIntegServer,DifarmaRelReturnIntegServer,'202204300530331548062301, , ,null,
200074,Y100087017,'202204300546541548070090,3700.1000,2022-04-30 05:46:55.0,DifarmaRelReturnIntegServer,DifarmaRelReturnIntegServer,'202204300546551548070105, , ,null,
200075,Y100087018,'202204300559011548073142,3700.1000,2022-04-30 05:59:02.0,DifarmaRelReturnIntegServer,DifarmaRelReturnIntegServer,'202204300559021548073156, , ,null,
200076,Y100087019,'202204300601101548075056,3700.1000,2022-04-30 06:01:11.0,DifarmaRelReturnIntegServer,DifarmaRelReturnIntegServer,'202204300601111548075070, , ,null,
200077,Y100087020,'202204300608251548076032,3700.1000,2022-04-30 06:08:26.0,DifarmaRelReturnIntegServer,DifarmaRelReturnIntegServer,'202204300608261548076047, , ,null,
200078,Y100087021,'202204300610161548077433,3700.1000,2022-05-04 11:59:17.0,DifarmaRelReturnIntegServer,pfwAdm,'202204300610171548077446, , ,null,
200079,Y100087021,'202204300610161548077433,9000,2022-05-04 12:01:29.0,pfwAdm,pfwAdm,'202204300610171548077446, , ,null,
200080,Y100087022,'202204300610421548077856,3700.1000,2022-04-30 06:10:43.0,DifarmaRelReturnIntegServer,DifarmaRelReturnIntegServer,'202204300610431548077898, , ,null,
200081,Y100087023,'202204300628521548082808,3700.1000,2022-04-30 06:28:53.0,DifarmaRelReturnIntegServer,DifarmaRelReturnIntegServer,'202204300628531548082832, , ,null,
200082,Y100087024,'202204300633001548085459,3700.1000,2022-04-30 06:33:00.0,DifarmaRelReturnIntegServer,DifarmaRelReturnIntegServer,'202204300633001548085481, , ,null,
200083,Y100087025,'202204300642171548089167,3700.1000,2022-04-30 06:42:18.0,DifarmaRelReturnIntegServer,DifarmaRelReturnIntegServer,'202204300642181548089230, , ,null,
200084,Y100087026,'202204300646241548089535,3700.1000,2022-04-30 06:46:24.0,DifarmaRelReturnIntegServer,DifarmaRelReturnIntegServer,'202204300646241548089557, , ,null,
200085,Y100087027,'202204300646591548089627,3700.1000,2022-04-30 06:47:00.0,DifarmaRelReturnIntegServer,DifarmaRelReturnIntegServer,'202204300647001548089651, , ,null,
200086,Y100087028,'202204301141291549584174,3700.1000,2022-04-30 11:41:30.0,DifarmaRelReturnIntegServer,DifarmaRelReturnIntegServer,'202204301141301549584207, , ,null,
200087,Y100087029,'202204301203351549595375,3700.1000,2022-04-30 12:03:36.0,DifarmaRelReturnIntegServer,DifarmaRelReturnIntegServer,'202204301203361549595404, , ,null,
200088,Y100087030,'202204301215531549603980,3700.1000,2022-04-30 12:15:54.0,DifarmaRelReturnIntegServer,DifarmaRelReturnIntegServer,'202204301215541549604013, , ,null,
200089,Y100087031,'202204301237071549624783,3700.1000,2022-04-30 12:37:08.0,DifarmaRelReturnIntegServer,DifarmaRelReturnIntegServer,'202204301237081549624798, , ,null,
200090,Y100087032,'202204301239561549625870,3700.1000,2022-04-30 12:39:57.0,DifarmaRelReturnIntegServer,DifarmaRelReturnIntegServer,'202204301239571549625887, , ,null,
200091,Y100087033,'202204301242041549630704,3700.1000,2022-04-30 12:42:05.0,DifarmaRelReturnIntegServer,DifarmaRelReturnIntegServer,'202204301242051549630734, , ,null,
200092,Y100087034,'202204301244561549631795,3700.1000,2022-04-30 12:45:18.0,DifarmaRelReturnIntegServer,DifarmaRelReturnIntegServer,'202204301245181549632440, , ,null,
200093,Y100087036,'202204301318341549674933,3700.1000,2022-04-30 13:18:35.0,DifarmaRelReturnIntegServer,DifarmaRelReturnIntegServer,'202204301318341549674961, , ,null,
200094,Y100087037,'202204301322251549687099,3700.1000,2022-05-18 14:22:54.0,DifarmaRelReturnIntegServer,pfwAdm,'202204301322251549687185, , ,null,
200095,Y100087037,'202204301322251549687099,9000,2022-05-18 14:25:57.0,pfwAdm,pfwAdm,'202204301322251549687185, , ,null,
200096,Y100087038,'202204301330291549703677,3700.1000,2022-04-30 13:30:30.0,DifarmaRelReturnIntegServer,DifarmaRelReturnIntegServer,'202204301330301549703745, , ,null,
200097,Y100087039,'202204301338001549717081,3700.1000,2022-04-30 13:38:01.0,DifarmaRelReturnIntegServer,DifarmaRelReturnIntegServer,'202204301338001549717119, , ,null,
200098,Y100087041,'202204301346381549731031,3350.1000,2022-04-30 13:47:47.0,DifarmaConsolidateToShipTOAgentServer,herrera.edinson_m,'202204301347471549732677,MU,COCV_577,herrera.edinson_m,
200099,Y100087041,'202204301346381549731031,3350.1500,2022-04-30 13:48:59.0,herrera.edinson_m,herrera.edinson_m,'202204301347471549732677,MU,COCV_577,herrera.edinson_m,
200100,Y100087041,'202204301346381549731031,3350.1500.1000,2022-04-30 13:49:01.0,herrera.edinson_m,herrera.edinson_m,'202204301347471549732677,MU,COCV_577,herrera.edinson_m,
200101,Y100087041,'202204301346381549731031,3700.1000,2022-04-30 14:25:14.0,herrera.edinson_m,DifarmaDeliverToShipmentIntegService,'202204301347471549732677,MU,COCV_577,herrera.edinson_m,
200102,Y100087041,'202204301346381549731031,3700.2000,2022-04-30 14:25:14.0,DifarmaDeliverToShipmentIntegService,caicedo.darnelly_m,'202204301347471549732677,MU,COCV_577,herrera.edinson_m,
200103,Y100087042,'202204301352381549742576,3350.1000,2022-04-30 13:53:47.0,DifarmaConsolidateToShipTOAgentServer,burbano.marinela_m,'202204301353471549744307,MU,COCV_578,burbano.marinela_m,
200104,Y100087042,'202204301352381549742576,3350.1500,2022-04-30 13:56:12.0,burbano.marinela_m,burbano.marinela_m,'202204301353471549744307,MU,COCV_578,burbano.marinela_m,
200105,Y100087042,'202204301352381549742576,3350.1500.1000,2022-04-30 13:56:15.0,burbano.marinela_m,burbano.marinela_m,'202204301353471549744307,MU,COCV_578,burbano.marinela_m,
200106,Y100087042,'202204301352381549742576,3700.1000,2022-04-30 13:57:39.0,burbano.marinela_m,DifarmaDeliverToShipmentIntegService,'202204301353471549744307,MU,COCV_578,burbano.marinela_m,
200107,Y100087042,'202204301352381549742576,3700.2000,2022-04-30 13:57:39.0,DifarmaDeliverToShipmentIntegService,caicedo.darnelly_m,'202204301353471549744307,MU,COCV_578,burbano.marinela_m,
200108,Y100087043,'202204301352381549742588,3350.1000,2022-04-30 13:53:47.0,DifarmaConsolidateToShipTOAgentServer,herrera.edinson_m,'202204301353471549744316,MU,COCV_577,herrera.edinson_m,
200109,Y100087043,'202204301352381549742588,3350.1500,2022-04-30 14:06:21.0,herrera.edinson_m,herrera.edinson_m,'202204301353471549744316,MU,COCV_577,herrera.edinson_m,
200110,Y100087043,'202204301352381549742588,3350.1500.1000,2022-04-30 14:06:23.0,herrera.edinson_m,herrera.edinson_m,'202204301353471549744316,MU,COCV_577,herrera.edinson_m,
200111,Y100087043,'202204301352381549742588,3700.1000,2022-04-30 14:30:46.0,herrera.edinson_m,DifarmaDeliverToShipmentIntegService,'202204301353471549744316,MU,COCV_577,herrera.edinson_m,
200112,Y100087043,'202204301352381549742588,3700.2000,2022-04-30 14:30:47.0,DifarmaDeliverToShipmentIntegService,caicedo.darnelly_m,'202204301353471549744316,MU,COCV_577,herrera.edinson_m,
200113,Y100087044,'202204301400141549754622,3700.1000,2022-05-04 11:59:16.0,DifarmaRelReturnIntegServer,pfwAdm,'202204301400151549754743, , ,null,
200114,Y100087044,'202204301400141549754622,9000,2022-05-04 12:01:27.0,pfwAdm,pfwAdm,'202204301400151549754743, , ,null,
200115,Y100087046,'202204301411401549784160,3700.1000,2022-05-04 11:59:16.0,DifarmaRelReturnIntegServer,pfwAdm,'202204301411411549784187, , ,null,
200116,Y100087046,'202204301411401549784160,9000,2022-05-04 12:01:26.0,pfwAdm,pfwAdm,'202204301411411549784187, , ,null,
200117,Y100087047,'202204301412361549785589,3700.1000,2022-04-30 14:12:37.0,DifarmaRelReturnIntegServer,DifarmaRelReturnIntegServer,'202204301412371549785636, , ,null,
200118,Y100087048,'202204301442191549850596,3700.1000,2022-05-04 11:59:17.0,DifarmaRelReturnIntegServer,pfwAdm,'202204301442201549850628, , ,null,
200119,Y100087048,'202204301442191549850596,9000,2022-05-04 12:01:28.0,pfwAdm,pfwAdm,'202204301442201549850628, , ,null,
200120,Y100087049,'202204301506531549909502,3700.1000,2022-04-30 15:06:54.0,DifarmaRelReturnIntegServer,DifarmaRelReturnIntegServer,'202204301506541549909525, , ,null,
200121,Y100087050,'202204301507341549910497,3700.1000,2022-04-30 15:07:35.0,DifarmaRelReturnIntegServer,DifarmaRelReturnIntegServer,'202204301507351549910542, , ,null,
200122,Y100087051,'202204301513331549928183,3700.1000,2022-04-30 15:13:34.0,DifarmaRelReturnIntegServer,DifarmaRelReturnIntegServer,'202204301513341549928230, , ,null,
200123,Y100087052,'202204301514261549930669,3700.1000,2022-05-04 11:59:17.0,DifarmaRelReturnIntegServer,pfwAdm,'202204301514261549930700, , ,null,
200124,Y100087052,'202204301514261549930669,9000,2022-05-04 12:01:28.0,pfwAdm,pfwAdm,'202204301514261549930700, , ,null,
200125,Y100087053,'202204301516531549934332,3700.1000,2022-04-30 15:16:54.0,DifarmaRelReturnIntegServer,DifarmaRelReturnIntegServer,'202204301516541549934404, , ,null,
200126,Y100087054,'202204301520171549942073,3700.1000,2022-04-30 15:20:18.0,DifarmaRelReturnIntegServer,DifarmaRelReturnIntegServer,'202204301520181549942171, , ,null,
200127,Y100087055,'202204301522111549948617,3700.1000,2022-04-30 15:22:12.0,DifarmaRelReturnIntegServer,DifarmaRelReturnIntegServer,'202204301522121549948685, , ,null,
200128,Y100087056,'202204301524271549953988,3700.1000,2022-04-30 15:24:28.0,DifarmaRelReturnIntegServer,DifarmaRelReturnIntegServer,'202204301524281549954036, , ,null,
200129,Y100087057,'202204301536041549984269,3700.1000,2022-04-30 15:36:05.0,DifarmaRelReturnIntegServer,DifarmaRelReturnIntegServer,'202204301536051549984299, , ,null,
200130,Y100087058,'202204301537391549987355,3700.1000,2022-04-30 15:37:40.0,DifarmaRelReturnIntegServer,DifarmaRelReturnIntegServer,'202204301537401549987464, , ,null,
200131,Y100087059,'202204301540451549997577,3700.1000,2022-05-04 11:59:16.0,DifarmaRelReturnIntegServer,pfwAdm,'202204301540461549997596, , ,null,
200132,Y100087059,'202204301540451549997577,9000,2022-05-04 12:01:26.0,pfwAdm,pfwAdm,'202204301540461549997596, , ,null,
200133,Y100087060,'202204301544211550007403,3700.1000,2022-05-04 11:59:17.0,DifarmaRelReturnIntegServer,pfwAdm,'202204301544221550007464, , ,null,
200134,Y100087060,'202204301544211550007403,9000,2022-05-04 12:01:29.0,pfwAdm,pfwAdm,'202204301544221550007464, , ,null,
200135,Y100087061,'202204301553461550030155,3700.1000,2022-04-30 15:53:47.0,DifarmaRelReturnIntegServer,DifarmaRelReturnIntegServer,'202204301553471550030213, , ,null,
200136,Y100087062,'202204301555261550033748,3700.1000,2022-04-30 15:55:27.0,DifarmaRelReturnIntegServer,DifarmaRelReturnIntegServer,'202204301555271550033804, , ,null,
200137,Y100087063,'202204301556391550036028,3350.1000,2022-04-30 15:57:47.0,DifarmaConsolidateToShipTOAgentServer,herrera.laura_m,'202204301557471550037672,MU,COCV_556,herrera.laura_m,
200138,Y100087063,'202204301556391550036028,3350.1500,2022-04-30 16:00:11.0,herrera.laura_m,herrera.laura_m,'202204301557471550037672,MU,COCV_556,herrera.laura_m,
200139,Y100087063,'202204301556391550036028,3350.1500.1000,2022-04-30 16:00:15.0,herrera.laura_m,herrera.laura_m,'202204301557471550037672,MU,COCV_556,herrera.laura_m,
200140,Y100087063,'202204301556391550036028,3700.1000,2022-04-30 16:19:04.0,herrera.laura_m,DifarmaDeliverToShipmentIntegService,'202204301557471550037672,MU,COCV_556,herrera.laura_m,
200141,Y100087063,'202204301556391550036028,3700.2000,2022-04-30 16:19:05.0,DifarmaDeliverToShipmentIntegService,castaneda.duvan_m,'202204301557471550037672,MU,COCV_556,herrera.laura_m,
200142,Y100087064,'202204301600161550044358,3700.1000,2022-04-30 16:00:17.0,DifarmaRelReturnIntegServer,DifarmaRelReturnIntegServer,'202204301600161550044652, , ,null,
200143,Y100087065,'202204301606281550059939,3700.1000,2022-04-30 16:06:29.0,DifarmaRelReturnIntegServer,DifarmaRelReturnIntegServer,'202204301606291550059971, , ,null,
200144,Y100087066,'202204301608501550064800,3700.1000,2022-04-30 16:10:18.0,DifarmaRelReturnIntegServer,DifarmaRelReturnIntegServer,'202204301610171550069803, , ,null,
200145,Y100087067,'202204301613401550080332,3700.1000,2022-04-30 16:13:41.0,DifarmaRelReturnIntegServer,DifarmaRelReturnIntegServer,'202204301613411550080364, , ,null,
200146,Y100087068,'202204301623131550101717,3700.1000,2022-04-30 16:23:14.0,DifarmaRelReturnIntegServer,DifarmaRelReturnIntegServer,'202204301623141550101749, , ,null,
200147,Y100087069,'202204301624031550104162,3700.1000,2022-04-30 16:24:05.0,DifarmaRelReturnIntegServer,DifarmaRelReturnIntegServer,'202204301624041550104250, , ,null,
200148,Y100087070,'202204301641421550154462,3700.1000,2022-04-30 16:41:43.0,DifarmaRelReturnIntegServer,DifarmaRelReturnIntegServer,'202204301641431550154513, , ,null,
200149,Y100087071,'202204301644551550161124,3700.1000,2022-04-30 16:44:56.0,DifarmaRelReturnIntegServer,DifarmaRelReturnIntegServer,'202204301644561550161218, , ,null,
200150,Y100087072,'202204301650071550173582,3700.1000,2022-04-30 16:50:08.0,DifarmaRelReturnIntegServer,DifarmaRelReturnIntegServer,'202204301650081550173696, , ,null,
200151,Y100087073,'202204301650551550178943,3700.1000,2022-04-30 16:50:56.0,DifarmaRelReturnIntegServer,DifarmaRelReturnIntegServer,'202204301650561550179389, , ,null,
200152,Y100087074,'202204301654411550188840,3700.1000,2022-04-30 16:54:42.0,DifarmaRelReturnIntegServer,DifarmaRelReturnIntegServer,'202204301654411550188877, , ,null,
200153,Y100087075,'202204301701581550210330,3700.1000,2022-04-30 17:01:59.0,DifarmaRelReturnIntegServer,DifarmaRelReturnIntegServer,'202204301701591550210354, , ,null,
200154,Y100087076,'202204301716371550246626,3700.1000,2022-04-30 17:16:38.0,DifarmaRelReturnIntegServer,DifarmaRelReturnIntegServer,'202204301716381550246710, , ,null,
200155,Y100087077,'202204301718331550249055,3700.1000,2022-04-30 17:18:34.0,DifarmaRelReturnIntegServer,DifarmaRelReturnIntegServer,'202204301718341550249085, , ,null,
200156,Y100087078,'202204301721121550260122,3700.1000,2022-04-30 17:21:13.0,DifarmaRelReturnIntegServer,DifarmaRelReturnIntegServer,'202204301721131550260164, , ,null,
200157,Y100087079,'202204301725431550270413,3700.1000,2022-04-30 17:25:43.0,DifarmaRelReturnIntegServer,DifarmaRelReturnIntegServer,'202204301725431550270450, , ,null,
200158,Y100087080,'202204301728261550276746,3700.1000,2022-04-30 17:28:27.0,DifarmaRelReturnIntegServer,DifarmaRelReturnIntegServer,'202204301728271550276806, , ,null,
200159,Y100087081,'202204301731541550290151,3700.1000,2022-04-30 17:31:55.0,DifarmaRelReturnIntegServer,DifarmaRelReturnIntegServer,'202204301731551550290173, , ,null,
200160,Y100087082,'202204301739521550308063,3700.1000,2022-04-30 17:39:53.0,DifarmaRelReturnIntegServer,DifarmaRelReturnIntegServer,'202204301739531550308125, , ,null,
200161,Y100087083,'202204301740011550308305,3700.1000,2022-04-30 17:40:02.0,DifarmaRelReturnIntegServer,DifarmaRelReturnIntegServer,'202204301740021550308804, , ,null,
200162,Y100087085,'202204301801061550367080,3700.1000,2022-04-30 18:01:07.0,DifarmaRelReturnIntegServer,DifarmaRelReturnIntegServer,'202204301801071550367128, , ,null,
200163,Y100087086,'202204301811211550391007,3700.1000,2022-04-30 18:11:22.0,DifarmaRelReturnIntegServer,DifarmaRelReturnIntegServer,'202204301811221550391057, , ,null,
200164,Y100087087,'202204301813121550394935,3700.1000,2022-04-30 18:13:13.0,DifarmaRelReturnIntegServer,DifarmaRelReturnIntegServer,'202204301813121550394998, , ,null,
200165,Y100087088,'202204301817331550403183,3700.1000,2022-04-30 18:17:34.0,DifarmaRelReturnIntegServer,DifarmaRelReturnIntegServer,'202204301817341550403206, , ,null,
200166,Y100087089,'202204301818381550404988,3700.1000,2022-04-30 18:18:39.0,DifarmaRelReturnIntegServer,DifarmaRelReturnIntegServer,'202204301818391550405053, , ,null,
200167,Y100087090,'202204301828191550426841,3700.1000,2022-04-30 18:28:20.0,DifarmaRelReturnIntegServer,DifarmaRelReturnIntegServer,'202204301828201550426890, , ,null,
200168,Y100087091,'202204301828391550427574,3350.1000,2022-04-30 18:29:47.0,DifarmaConsolidateToShipTOAgentServer,gomez.milton_m,'202204301829471550429926,MU,COCV_162,gomez.milton_m,
200169,Y100087091,'202204301828391550427574,3350.1500,2022-04-30 18:32:26.0,gomez.milton_m,gomez.milton_m,'202204301829471550429926,MU,COCV_162,gomez.milton_m,
200170,Y100087091,'202204301828391550427574,3350.1500.1000,2022-04-30 18:32:28.0,gomez.milton_m,gomez.milton_m,'202204301829471550429926,MU,COCV_162,gomez.milton_m,
200171,Y100087091,'202204301828391550427574,3700.1000,2022-04-30 18:39:38.0,gomez.milton_m,DifarmaDeliverToShipmentIntegService,'202204301829471550429926,MU,COCV_162,gomez.milton_m,
200172,Y100087091,'202204301828391550427574,3700.2000,2022-04-30 18:39:39.0,DifarmaDeliverToShipmentIntegService,laguado.mayerly_m,'202204301829471550429926,MU,COCV_162,gomez.milton_m,
200173,Y100087092,'202204301849061550475829,3700.1000,2022-05-04 11:59:17.0,DifarmaRelReturnIntegServer,pfwAdm,'202204301849071550475850, , ,null,
200174,Y100087092,'202204301849061550475829,9000,2022-05-04 12:01:29.0,pfwAdm,pfwAdm,'202204301849071550475850, , ,null,
200175,Y100087093,'202204301849231550476196,3700.1000,2022-04-30 18:49:24.0,DifarmaRelReturnIntegServer,DifarmaRelReturnIntegServer,'202204301849241550476244, , ,null,
200176,Y100087094,'202204301853241550488905,3700.1000,2022-04-30 18:53:25.0,DifarmaRelReturnIntegServer,DifarmaRelReturnIntegServer,'202204301853251550488995, , ,null,
200177,Y100087095,'202204301857471550497117,3700.1000,2022-04-30 18:57:48.0,DifarmaRelReturnIntegServer,DifarmaRelReturnIntegServer,'202204301857481550497145, , ,null,
200178,Y100087096,'202204301904511550515762,3700.1000,2022-05-04 11:59:17.0,DifarmaRelReturnIntegServer,pfwAdm,'202204301904521550515778, , ,null,
200179,Y100087096,'202204301904511550515762,9000,2022-05-04 12:01:29.0,pfwAdm,pfwAdm,'202204301904521550515778, , ,null,
200180,Y100087097,'202204301908341550522409,3700.1000,2022-04-30 19:08:35.0,DifarmaRelReturnIntegServer,DifarmaRelReturnIntegServer,'202204301908351550522450, , ,null,
200181,Y100087099,'202204301917381550543651,3700.1000,2022-04-30 19:17:39.0,DifarmaRelReturnIntegServer,DifarmaRelReturnIntegServer,'202204301917391550543729, , ,null,
200182,Y100087100,'202204301923551550559466,3700.1000,2022-04-30 19:23:56.0,DifarmaRelReturnIntegServer,DifarmaRelReturnIntegServer,'202204301923561550559523, , ,null,
200183,Y100087101,'202204301928001550565775,3700.1000,2022-04-30 19:28:01.0,DifarmaRelReturnIntegServer,DifarmaRelReturnIntegServer,'202204301928011550565874, , ,null,
200184,Y100087102,'202204301937311550590368,3700.1000,2022-04-30 19:37:33.0,DifarmaRelReturnIntegServer,DifarmaRelReturnIntegServer,'202204301937321550590467, , ,null,
200185,Y100087103,'202204301939411550594521,3700.1000,2022-04-30 19:39:42.0,DifarmaRelReturnIntegServer,DifarmaRelReturnIntegServer,'202204301939421550594593, , ,null,
200186,Y100087104,'202204301944421550609920,3700.1000,2022-04-30 19:45:16.0,DifarmaRelReturnIntegServer,DifarmaRelReturnIntegServer,'202204301945151550611075, , ,null,
200187,Y100087105,'202204302002191550653477,3700.1000,2022-04-30 20:02:20.0,DifarmaRelReturnIntegServer,DifarmaRelReturnIntegServer,'202204302002201550653547, , ,null,
200188,Y100087108,'202204302015171550682570,3700.1000,2022-04-30 20:15:18.0,DifarmaRelReturnIntegServer,DifarmaRelReturnIntegServer,'202204302015181550682594, , ,null,
200189,Y100087109,'202204302022491550696666,3700.1000,2022-04-30 20:22:50.0,DifarmaRelReturnIntegServer,DifarmaRelReturnIntegServer,'202204302022501550696730, , ,null,
200190,Y100087113,'202204302049221550753299,3700.1000,2022-04-30 20:49:51.0,DifarmaRelReturnIntegServer,DifarmaRelReturnIntegServer,'202204302049511550754127, , ,null,
200191,Y100087114,'202204302055441550771408,3700.1000,2022-04-30 20:55:45.0,DifarmaRelReturnIntegServer,DifarmaRelReturnIntegServer,'202204302055451550771445, , ,null,
200192,Y100087115,'202204302100211550782935,3700.1000,2022-04-30 21:00:22.0,DifarmaRelReturnIntegServer,DifarmaRelReturnIntegServer,'202204302100221550782981, , ,null,
200193,Y100087116,'202204302112331550815208,3700.1000,2022-04-30 21:12:35.0,DifarmaRelReturnIntegServer,DifarmaRelReturnIntegServer,'202204302112351550815271, , ,null,
200194,Y100087117,'202204302120331550832233,3700.1000,2022-04-30 21:20:34.0,DifarmaRelReturnIntegServer,DifarmaRelReturnIntegServer,'202204302120341550832291, , ,null,
200195,Y100087118,'202204302124401550842940,3700.1000,2022-04-30 21:24:42.0,DifarmaRelReturnIntegServer,DifarmaRelReturnIntegServer,'202204302124411550843019, , ,null,
200196,Y100087119,'202204302124581550843171,3700.1000,2022-04-30 21:24:59.0,DifarmaRelReturnIntegServer,DifarmaRelReturnIntegServer,'202204302124591550843226, , ,null,
200197,Y100087120,'202204302136091550867732,3700.1000,2022-04-30 21:36:09.0,DifarmaRelReturnIntegServer,DifarmaRelReturnIntegServer,'202204302136091550867765, , ,null,
200198,Y100087121,'202204302140291550877176,3700.1000,2022-04-30 21:40:30.0,DifarmaRelReturnIntegServer,DifarmaRelReturnIntegServer,'202204302140301550877224, , ,null,
200199,Y100087122,'202204302143201550883909,3700.1000,2022-04-30 21:43:21.0,DifarmaRelReturnIntegServer,DifarmaRelReturnIntegServer,'202204302143211550883951, , ,null,
200200,Y100087123,'202204302153381550907454,1400,2022-04-30 22:01:06.0,diaz.derlyn_m,diaz.derlyn_m,'202204302154471550909185,MU,COCV_782,diaz.derlyn_m,
200201,Y100087123,'202204302153381550907454,3350.1000,2022-04-30 21:54:47.0,DifarmaConsolidateToShipTOAgentServer,diaz.derlyn_m,'202204302154471550909185,MU,COCV_782,diaz.derlyn_m,
200202,Y100087123,'202204302153381550907454,9000,2022-04-30 22:01:07.0,diaz.derlyn_m,diaz.derlyn_m,'202204302154471550909185,MU,COCV_782,diaz.derlyn_m,
200203,Y100087124,'202204302157151550913357,3700.1000,2022-04-30 21:57:16.0,DifarmaRelReturnIntegServer,DifarmaRelReturnIntegServer,'202204302157161550913386, , ,null,
200204,Y100087125,'202204302159251550916919,3700.1000,2022-04-30 21:59:26.0,DifarmaRelReturnIntegServer,DifarmaRelReturnIntegServer,'202204302159261550916986, , ,null,
200205,Y100087126,'202204302204331550932415,3700.1000,2022-04-30 22:04:34.0,DifarmaRelReturnIntegServer,DifarmaRelReturnIntegServer,'202204302204341550932472, , ,null,
200206,Y100087127,'202204302215541550958914,3700.1000,2022-04-30 22:15:55.0,DifarmaRelReturnIntegServer,DifarmaRelReturnIntegServer,'202204302215541550958941, , ,null,
200207,Y100087128,'202204302216391550959923,3350.1000,2022-04-30 22:17:47.0,DifarmaConsolidateToShipTOAgentServer,herrera.edinson_m,'202204302217471550961329,MU,COCV_577,herrera.edinson_m,
200208,Y100087128,'202204302216391550959923,3350.1500,2022-04-30 22:19:04.0,herrera.edinson_m,herrera.edinson_m,'202204302217471550961329,MU,COCV_577,herrera.edinson_m,
200209,Y100087128,'202204302216391550959923,3350.1500.1000,2022-04-30 22:19:06.0,herrera.edinson_m,escobar.diana_m,'202204302217471550961329,MU,COCV_577,herrera.edinson_m,
200210,Y100087128,'202204302216391550959923,3700.1000,2022-04-30 22:37:48.0,escobar.diana_m,DifarmaDeliverToShipmentIntegService,'202204302217471550961329,MU,COCV_577,herrera.edinson_m,
200211,Y100087128,'202204302216391550959923,3700.2000,2022-04-30 22:37:48.0,DifarmaDeliverToShipmentIntegService,florez.sirley_m,'202204302217471550961329,MU,COCV_577,herrera.edinson_m,
200212,Y100087129,'202204302230451550990960,3700.1000,2022-04-30 22:30:46.0,DifarmaRelReturnIntegServer,DifarmaRelReturnIntegServer,'202204302230461550991033, , ,null,
200213,Y100087130,'202204302238441551006466,3700.1000,2022-04-30 22:38:45.0,DifarmaRelReturnIntegServer,DifarmaRelReturnIntegServer,'202204302238451551006510, , ,null,
200214,Y100087131,'202204302248231551026243,3700.1000,2022-04-30 22:48:24.0,DifarmaRelReturnIntegServer,DifarmaRelReturnIntegServer,'202204302248241551026266, , ,null,
200215,Y100087132,'202204302249151551027450,3700.1000,2022-04-30 22:49:15.0,DifarmaRelReturnIntegServer,DifarmaRelReturnIntegServer,'202204302249151551027498, , ,null,
200216,Y100087133,'202204302249291551027932,3700.1000,2022-04-30 22:49:30.0,DifarmaRelReturnIntegServer,DifarmaRelReturnIntegServer,'202204302249301551028010, , ,null,
200217,Y100087134,'202204302250251551032491,3700.1000,2022-04-30 22:50:25.0,DifarmaRelReturnIntegServer,DifarmaRelReturnIntegServer,'202204302250251551032527, , ,null,
200218,Y100087135,'202204302250361551033156,3700.1000,2022-04-30 22:50:37.0,DifarmaRelReturnIntegServer,DifarmaRelReturnIntegServer,'202204302250371551033181, , ,null,
200219,Y100087136,'202204302252471551038081,3700.1000,2022-04-30 22:52:48.0,DifarmaRelReturnIntegServer,DifarmaRelReturnIntegServer,'202204302252471551038111, , ,null,
200220,Y100087138,'202204302259531551048837,3700.1000,2022-04-30 22:59:54.0,DifarmaRelReturnIntegServer,DifarmaRelReturnIntegServer,'202204302259541551048908, , ,null,
200221,Y100087139,'202204302309091551068583,3700.1000,2022-04-30 23:09:10.0,DifarmaRelReturnIntegServer,DifarmaRelReturnIntegServer,'202204302309101551068655, , ,null,
200222,Y100087141,'202204302324261551101271,3700.1000,2022-04-30 23:24:27.0,DifarmaRelReturnIntegServer,DifarmaRelReturnIntegServer,'202204302324261551101305, , ,null,
200223,Y100087142,'202204302349461551146339,3700.1000,2022-04-30 23:49:47.0,DifarmaRelReturnIntegServer,DifarmaRelReturnIntegServer,'202204302349471551146395, , ,null,
