data:text/csv;charset=utf-8,Query: select sl.order_no, s.status, s.status_date, s.order_header_key, s.shipment_key, s.extn_picked_externally from yfs_shipment s,yfs_shipment_line sl where sl.shipment_key=s.shipment_key and  sl.order_header_key &gt;
RN,ORDER_NO,STATUS,STATUS_DATE,ORDER_HEADER_KEY,SHIPMENT_KEY,EXTN_PICKED_EXTERNALLY,
190001,CO11352723,1600.002.01,2022-12-01 15:41:21.0,null,'202211302316052501148440,Y,
190002,CO11352721,1600.002.01,2022-12-01 01:39:13.0,null,'202211302316062501148528,Y,
190003,CO11352621,1600.002.01,2022-12-01 00:19:07.0,null,'202211302316062501148590,Y,
190004,CO11352609,1600.002.01,2022-12-01 14:10:15.0,null,'202211302316062501148642,Y,
190005,COCC11182365,1600.002.01,2022-12-01 20:11:01.0,null,'202211302319502501172559,N,
190006,COCC11182365,1600.002.01,2022-12-01 20:11:01.0,null,'202211302319502501172559,N,
190007,COCC11182367,1600.002.01,2022-12-01 13:41:20.0,null,'202211302319522501172901,Y,
190008,COCC11182367,1600.002.01,2022-12-01 13:41:20.0,null,'202211302319522501172901,Y,
190009,COCC11182368,1600.002.01,2022-12-01 01:42:27.0,null,'202211302317192501156421,Y,
190010,COCC11182370,1600.002.01,2022-12-01 20:11:38.0,null,'202211302330072501252940,Y,
190011,COCC11182371,1600.002.01,2022-12-01 01:17:03.0,null,'202211302325122501217387,Y,
190012,COCC11182372,1600.002.01,2022-12-01 20:12:05.0,null,'202211302317202501156580,Y,
190013,COCC11182374,1600.002.01,2022-12-01 01:00:10.0,null,'202211302317182501156305,Y,
190014,COCC11182375,1600.002.01,2022-12-01 02:05:18.0,null,'202211302317222501156843,Y,
190015,COCC11182375,1600.002.01,2022-12-01 02:05:18.0,null,'202211302317222501156843,Y,
190016,COCC11182376,1600.002.01,2022-12-01 16:11:16.0,null,'202211302335102501293234,Y,
190017,COCC11182376,1600.002.01,2022-12-01 16:11:16.0,null,'202211302335102501293234,Y,
190018,COCC11182376,1600.002.01,2022-12-01 16:11:16.0,null,'202211302335102501293234,Y,
190019,COCC11182376,1600.002.01,2022-12-01 16:11:16.0,null,'202211302335102501293234,Y,
190020,COCC11182379,1600.002.01,2022-12-01 01:53:34.0,null,'202211302319532501172955,N,
190021,COCC11182381,1600.002.01,2022-12-01 20:12:36.0,null,'202211302319522501172842,Y,
190022,COCC11182383,1600.002.01,2022-12-01 00:50:29.0,null,'202211302321122501189666,Y,
190023,CO11352728,1600.002.01,2022-11-30 23:53:20.0,null,'202211302317222501156943,N,
190024,CO11352728,1600.002.01,2022-11-30 23:53:20.0,null,'202211302317222501156943,N,
190025,CO11352728,1600.002.01,2022-11-30 23:53:20.0,null,'202211302317222501156943,N,
190026,CO11352625,1600.002.01,2022-12-01 02:39:41.0,null,'202211302317232501157002,Y,
190027,CO11352726,1600.002.01,2022-11-30 23:39:01.0,null,'202211302317232501157061,Y,
190028,CO11352726,1600.002.01,2022-11-30 23:39:01.0,null,'202211302317232501157061,Y,
190029,CO11352624,1600.002.01,2022-12-01 02:17:11.0,null,'202211302317242501157123,Y,
190030,CO11352622,9000,2022-11-30 23:22:02.0,null,'202211302317242501157181,Y,
190031,CO11352622,9000,2022-11-30 23:22:02.0,null,'202211302317242501157181,Y,
190032,CO11352622,1600.002.01,2022-11-30 23:49:55.0,null,'202211302323462501206448,N,
190033,CO11352622,1600.002.01,2022-11-30 23:49:55.0,null,'202211302323462501206448,N,
190034,CO11352631,1600.002.01,2022-12-01 18:06:55.0,null,'202211302317242501157235,N,
190035,CO11352631,1600.002.01,2022-12-01 18:06:55.0,null,'202211302317242501157235,N,
190036,CO11352631,1600.002.01,2022-12-01 18:06:55.0,null,'202211302317242501157235,N,
190037,CO11352630,1600.002.01,2022-12-01 06:26:57.0,null,'202211302317252501157297,Y,
190038,CO11352630,1600.002.01,2022-12-01 06:26:57.0,null,'202211302317252501157297,Y,
190039,CO11352627,1600.002.01,2022-12-01 18:06:53.0,null,'202211302317252501157431,N,
190040,CO11352627,1600.002.01,2022-12-01 18:06:53.0,null,'202211302317252501157431,N,
190041,CO11352627,1600.002.01,2022-12-01 18:06:53.0,null,'202211302317252501157431,N,
190042,CO11352626,1600.002.01,2022-12-01 00:38:54.0,null,'202211302317252501157355,N,
190043,COCC11182385,1600.002.01,2022-12-01 00:04:11.0,null,'202211302321112501189603,Y,
190044,COCC11182385,1600.002.01,2022-12-01 00:04:11.0,null,'202211302321112501189603,Y,
190045,COCC11182385,1600.002.01,2022-12-01 00:04:11.0,null,'202211302321112501189603,Y,
190046,COCC11182387,9000,2022-12-01 01:56:53.0,null,'202211302323432501205698,Y,
190047,COCC11182387,9000,2022-12-01 01:56:53.0,null,'202211302323432501205698,Y,
190048,COCC11182387,9000,2022-12-01 01:56:53.0,null,'202211302323432501205698,Y,
190049,COCC11182387,9000,2022-12-01 01:56:53.0,null,'202211302323432501205698,Y,
190050,COCC11182388,1600.002.01,2022-12-01 01:43:56.0,null,'202211302328082501237355,N,
190051,COCC11182388,1600.002.01,2022-12-01 01:43:56.0,null,'202211302328082501237355,N,
190052,COCC11182388,1600.002.01,2022-12-01 01:43:56.0,null,'202211302328082501237355,N,
190053,COCC11182389,1600.002.01,2022-12-01 00:50:47.0,null,'202211302323432501205644,Y,
190054,COCC11182389,1600.002.01,2022-12-01 00:50:47.0,null,'202211302323432501205644,Y,
190055,COCC11182391,1600.002.02,2022-12-01 02:20:35.0,null,'202211302321112501189553,Y,
190056,COCC11182392,1600.002.01,2022-12-01 00:04:21.0,null,'202211302322072501195422,N,
190057,COCC11182392,1600.002.01,2022-12-01 00:04:21.0,null,'202211302322072501195422,N,
190058,COCC11182392,1600.002.01,2022-12-01 00:04:21.0,null,'202211302322072501195422,N,
190059,COCC11182393,1600.002.01,2022-12-01 00:22:45.0,null,'202211302321122501189710,Y,
190060,COCC11182394,1600.002.01,2022-12-01 00:22:40.0,null,'202211302323432501205772,Y,
190061,COCC11182395,1600.002.01,2022-12-01 01:55:25.0,null,'202211302325212501218844,Y,
190062,COCC11182395,1600.002.01,2022-12-01 01:55:25.0,null,'202211302325212501218844,Y,
190063,COCC11182396,9000,2022-11-30 23:36:10.0,null,'202211302327092501230961,Y,
190064,COCC11182396,9000,2022-11-30 23:36:10.0,null,'202211302327092501230961,Y,
190065,COCC11182396,9000,2022-11-30 23:36:10.0,null,'202211302327092501230961,Y,
190066,COCC11182396,1600.002.01,2022-12-01 14:02:20.0,null,'202211302338072501313711,Y,
190067,COCC11182396,1600.002.01,2022-12-01 14:02:20.0,null,'202211302338072501313711,Y,
190068,COCC11182396,1600.002.01,2022-12-01 14:02:20.0,null,'202211302338072501313711,Y,
190069,COCC11182397,1600.002.01,2022-12-01 00:42:05.0,null,'202211302328172501239015,N,
190070,COCC11182397,1600.002.01,2022-12-01 00:42:05.0,null,'202211302328172501239015,N,
190071,COCC11182397,1600.002.01,2022-12-01 00:42:05.0,null,'202211302328172501239015,N,
190072,COCC11182397,1600.002.01,2022-12-01 00:42:05.0,null,'202211302328172501239015,N,
190073,CO11352635,9000,2022-11-30 23:22:43.0,null,'202211302319552501173388,Y,
190074,CO11352635,9000,2022-11-30 23:22:43.0,null,'202211302319552501173388,Y,
190075,CO11352635,9000,2022-11-30 23:22:43.0,null,'202211302319552501173388,Y,
190076,CO11352635,9000,2022-11-30 23:22:43.0,null,'202211302319552501173388,Y,
190077,CO11352635,9000,2022-12-01 02:45:07.0,null,'202211302323472501206525,Y,
190078,CO11352635,9000,2022-12-01 02:45:07.0,null,'202211302323472501206525,Y,
190079,CO11352635,9000,2022-12-01 02:45:07.0,null,'202211302323472501206525,Y,
190080,CO11352635,9000,2022-12-01 02:45:07.0,null,'202211302323472501206525,Y,
190081,CO11352634,1600.002,2022-12-01 18:01:22.0,null,'202211302319552501173331,Y,
190082,CO11352634,1600.002,2022-12-01 18:01:22.0,null,'202211302319552501173331,Y,
190083,CO11352634,1600.002,2022-12-01 18:01:22.0,null,'202211302319552501173331,Y,
190084,COCC11182398,1600.002.01,2022-12-01 02:07:11.0,null,'202211302343072501353901,N,
190085,COCC11182398,1600.002.01,2022-12-01 02:07:11.0,null,'202211302343072501353901,N,
190086,COCC11182398,1600.002.01,2022-12-01 02:07:11.0,null,'202211302343072501353901,N,
190087,COCC11182398,1600.002.01,2022-12-01 02:07:11.0,null,'202211302343072501353901,N,
190088,CO11352735,1600.002.01,2022-12-01 14:56:38.0,null,'202211302319552501173282,N,
190089,COCC11182399,9000,2022-11-30 23:28:22.0,null,'202211302323422501205570,Y,
190090,COCC11182399,1600.002.01,2022-12-01 13:46:59.0,null,'202211302330072501252980,Y,
190091,CO11352732,1600.002.01,2022-11-30 23:48:50.0,null,'202211302319562501173452,Y,
190092,CO11352732,1600.002.01,2022-11-30 23:48:50.0,null,'202211302319562501173452,Y,
190093,COCC11182400,1600.002.02,2022-12-01 01:14:12.0,null,'202211302325212501218897,N,
190094,COCC11182400,1600.002.02,2022-12-01 01:14:12.0,null,'202211302325212501218897,N,
190095,COCC11182401,1600.002.01,2022-12-01 01:53:04.0,null,'202211302325212501218789,N,
190096,COCC11182401,1600.002.01,2022-12-01 01:53:04.0,null,'202211302325212501218789,N,
190097,Y100126890,1600,2022-11-30 23:30:25.0,null,'202211302319252501170141,N,
190098,COCC11182402,1600.002.01,2022-12-01 01:59:11.0,null,'202211302332072501272850,Y,
190099,COCC11182402,1600.002.01,2022-12-01 01:59:11.0,null,'202211302332072501272850,Y,
190100,COCC11182403,1600.002.02,2022-12-01 02:03:36.0,null,'202211302328072501237241,N,
190101,COCC11182403,1600.002.02,2022-12-01 02:03:36.0,null,'202211302328072501237241,N,
190102,COCC11182405,1600.002.01,2022-12-01 02:25:34.0,null,'202211302323472501206643,N,
190103,COCC11182406,1600.002.01,2022-12-01 01:08:25.0,null,'202211302327082501230776,N,
190104,COCC11182406,1600.002.01,2022-12-01 01:08:25.0,null,'202211302327082501230776,N,
190105,COCC11182412,1600.002.01,2022-12-01 02:57:32.0,null,'202211302323472501206746,N,
190106,COCC11182413,1600.002.01,2022-12-01 01:17:56.0,null,'202211302330072501253135,N,
190107,COCC11182413,1600.002.01,2022-12-01 01:17:56.0,null,'202211302330072501253135,N,
190108,COCC11182413,1600.002.01,2022-12-01 01:17:56.0,null,'202211302330072501253135,N,
190109,COCC11182413,1600.002.01,2022-12-01 01:17:56.0,null,'202211302330072501253135,N,
190110,COCC11182416,1600.002.01,2022-12-01 20:16:54.0,null,'202211302327092501231021,N,
190111,COCC11182416,1600.002.01,2022-12-01 20:16:54.0,null,'202211302327092501231021,N,
190112,COCC11182418,1600.002.01,2022-12-01 00:27:03.0,null,'202211302325222501218944,N,
190113,CO11352638,1600.002.01,2022-12-01 00:07:35.0,null,'202211302323452501206002,Y,
190114,CO11352638,1600.002.01,2022-12-01 00:07:35.0,null,'202211302323452501206002,Y,
190115,CO11352638,1600.002.01,2022-12-01 00:07:35.0,null,'202211302323452501206002,Y,
190116,CO11352638,1600.002.01,2022-12-01 00:07:35.0,null,'202211302323452501206002,Y,
190117,CO11352638,1600.002.01,2022-12-01 00:07:35.0,null,'202211302323452501206002,Y,
190118,CO11352638,1600.002.01,2022-12-01 00:07:35.0,null,'202211302323452501206002,Y,
190119,CO11352741,1600.002,2022-12-01 21:14:26.0,null,'202211302323442501205865,N,
190120,CO11352737,1600.002.01,2022-12-01 00:54:42.0,null,'202211302323442501205927,Y,
190121,CO11352734,1600.002.01,2022-12-01 00:04:35.0,null,'202211302323462501206188,Y,
190122,CO11352734,1600.002.01,2022-12-01 00:04:35.0,null,'202211302323462501206188,Y,
190123,CO11352734,1600.002.01,2022-12-01 00:04:35.0,null,'202211302323462501206188,Y,
190124,CO11352734,1600.002.01,2022-12-01 00:04:35.0,null,'202211302323462501206188,Y,
190125,CO11352731,1600.002.01,2022-12-01 02:35:21.0,null,'202211302323452501206113,Y,
190126,COCC11182422,1600.002.01,2022-12-01 20:17:41.0,null,'202211302325132501217436,Y,
190127,COCC11182423,9000,2022-11-30 23:28:28.0,null,'202211302327082501230905,Y,
190128,COCC11182423,9000,2022-11-30 23:28:28.0,null,'202211302327082501230905,Y,
190129,COCC11182423,9000,2022-11-30 23:28:28.0,null,'202211302327082501230905,Y,
190130,COCC11182423,9000,2022-11-30 23:33:03.0,null,'202211302330072501253064,Y,
190131,COCC11182423,9000,2022-11-30 23:33:03.0,null,'202211302330072501253064,Y,
190132,COCC11182423,9000,2022-11-30 23:33:03.0,null,'202211302330072501253064,Y,
190133,COCC11182426,9000,2022-12-01 00:15:40.0,null,'202211302327082501230846,N,
190134,COCC11182426,9000,2022-12-01 00:15:40.0,null,'202211302327082501230846,N,
190135,COCC11182426,1600.002.01,2022-12-01 02:22:26.0,null,'202212010018162501606668,Y,
190136,COCC11182426,1600.002.01,2022-12-01 02:22:26.0,null,'202212010018162501606668,Y,
190137,COCC11182427,9000,2022-12-01 00:07:32.0,null,'202211302328182501239314,N,
190138,COCC11182427,9000,2022-12-01 00:07:32.0,null,'202211302328182501239314,N,
190139,COCC11182428,1600.002.01,2022-12-01 01:46:36.0,null,'202211302325132501217496,Y,
190140,COCC11182431,1600.002.01,2022-12-01 00:44:54.0,null,'202211302328162501238898,N,
190141,COCC11182431,1600.002.01,2022-12-01 00:44:54.0,null,'202211302328162501238898,N,
190142,COCC11182432,1600.002.01,2022-12-01 01:19:56.0,null,'202211302325222501218996,N,
190143,COCC11182432,1600.002.01,2022-12-01 01:19:56.0,null,'202211302325222501218996,N,
190144,COCC11182432,1600.002.01,2022-12-01 01:19:56.0,null,'202211302325222501218996,N,
190145,COCC11182435,9000,2022-11-30 23:39:00.0,null,'202211302337092501306712,Y,
190146,COCC11182435,9000,2022-11-30 23:39:00.0,null,'202211302337092501306712,Y,
190147,COCC11182435,9000,2022-12-01 00:29:58.0,null,'202211302341072501341677,Y,
190148,COCC11182435,9000,2022-12-01 00:29:58.0,null,'202211302341072501341677,Y,
190149,CO11352749,1600.002.01,2022-12-01 01:44:05.0,null,'202211302325162501217966,N,
190150,CO11352643,1600.002.01,2022-11-30 23:50:46.0,null,'202211302325162501218013,Y,
190151,CO11352747,1600.002.01,2022-12-01 06:59:14.0,null,'202211302325172501218172,N,
190152,CO11352747,1600.002.01,2022-12-01 06:59:14.0,null,'202211302325172501218172,N,
190153,CO11352747,1600.002.01,2022-12-01 06:59:14.0,null,'202211302325172501218172,N,
190154,CO11352747,1600.002.01,2022-12-01 06:59:14.0,null,'202211302325172501218172,N,
190155,CO11352747,1600.002.01,2022-12-01 06:59:14.0,null,'202211302325172501218172,N,
190156,CO11352745,1600.002.01,2022-12-01 18:07:04.0,null,'202211302325162501218065,N,
190157,CO11352642,1600.002.01,2022-12-01 00:37:58.0,null,'202211302325172501218110,Y,
190158,CO11352642,1600.002.01,2022-12-01 00:37:58.0,null,'202211302325172501218110,Y,
190159,CO11352639,1600.002.01,2022-12-01 18:06:56.0,null,'202211302325172501218260,Y,
190160,CO11352639,1600.002.01,2022-12-01 18:06:56.0,null,'202211302325172501218260,Y,
190161,CO11352742,1600.002.02,2022-11-30 23:49:07.0,null,'202211302325182501218307,Y,
190162,CO11352742,1600.002.02,2022-11-30 23:49:07.0,null,'202211302325182501218307,Y,
190163,CO11352740,9000,2022-11-30 23:35:19.0,null,'202211302325182501218380,Y,
190164,CO11352740,1600.002.01,2022-12-01 13:41:29.0,null,'202211302337072501306269,Y,
190165,CO11352637,1600.002.01,2022-12-01 01:21:06.0,null,'202211302325192501218490,Y,
190166,CO11352637,1600.002.01,2022-12-01 01:21:06.0,null,'202211302325192501218490,Y,
190167,CO11352637,1600.002.01,2022-12-01 01:21:06.0,null,'202211302325192501218490,Y,
190168,CO11352739,1600.002.01,2022-12-01 18:07:02.0,null,'202211302325182501218433,N,
190169,CO11352636,1600.002.01,2022-12-01 13:39:52.0,null,'202211302325202501218610,Y,
190170,CO11352636,1600.002.01,2022-12-01 13:39:52.0,null,'202211302325202501218610,Y,
190171,CO11352636,1600.002.01,2022-12-01 13:39:52.0,null,'202211302325202501218610,Y,
190172,CO11352633,1600.002.01,2022-12-01 16:03:15.0,null,'202211302325192501218553,N,
190173,CO11352629,1600.002.01,2022-12-01 14:38:43.0,null,'202211302325202501218687,Y,
190174,CO11352629,1600.002.01,2022-12-01 14:38:43.0,null,'202211302325202501218687,Y,
190175,CO11352629,1600.002.01,2022-12-01 14:38:43.0,null,'202211302325202501218687,Y,
190176,CO11352629,1600.002.01,2022-12-01 14:38:43.0,null,'202211302325202501218687,Y,
190177,CO11352629,1600.002.01,2022-12-01 14:38:43.0,null,'202211302325202501218687,Y,
190178,CO11352629,1600.002.01,2022-12-01 14:38:43.0,null,'202211302325202501218687,Y,
190179,COCC11182437,1600.002.01,2022-12-01 20:18:53.0,null,'202212010105132501927558,Y,
190180,COCC11182437,1600.002.01,2022-12-01 20:18:53.0,null,'202212010105132501927558,Y,
190181,COCC11182437,1600.002.01,2022-12-01 20:18:53.0,null,'202212010105132501927558,Y,
190182,COCC11182437,1600.002.01,2022-12-01 20:18:53.0,null,'202212010105132501927558,Y,
190183,COCC11182441,1600.002.01,2022-12-01 01:23:31.0,null,'202211302328192501239431,Y,
190184,COCC11182442,1600.002.01,2022-12-01 02:03:47.0,null,'202211302330092501253627,N,
190185,COCC11182442,1600.002.01,2022-12-01 02:03:47.0,null,'202211302330092501253627,N,
190186,COCC11182442,1600.002.01,2022-12-01 02:03:47.0,null,'202211302330092501253627,N,
190187,COCC11182443,1600.002.01,2022-11-30 23:57:14.0,null,'202211302328172501238951,N,
190188,COCC11182443,1600.002.01,2022-11-30 23:57:14.0,null,'202211302328172501238951,N,
190189,Y100126891,1600,2022-11-30 23:33:35.0,null,'202211302324512501214745,N,
190190,Y100126891,1600,2022-11-30 23:33:35.0,null,'202211302324512501214745,N,
190191,COCC11182444,1600.002.02,2022-12-01 01:46:46.0,null,'202211302331072501266440,N,
190192,COCC11182444,1600.002.02,2022-12-01 01:46:46.0,null,'202211302331072501266440,N,
190193,COCC11182445,1600.002.01,2022-12-01 18:50:11.0,null,'202211302328072501237302,Y,
190194,COCC11182446,1600.002.02,2022-12-01 00:08:36.0,null,'202211302333332501283179,N,
190195,COCC11182449,9000,2022-12-01 00:40:02.0,null,'202211302331072501266373,Y,
190196,COCC11182449,9000,2022-12-01 00:40:02.0,null,'202211302331072501266373,Y,
190197,COCC11182450,1600.002.01,2022-12-01 01:08:05.0,null,'202211302328142501238434,N,
190198,COCC11182450,1600.002.01,2022-12-01 01:08:05.0,null,'202211302328142501238434,N,
190199,COCC11182450,1600.002.01,2022-12-01 01:08:05.0,null,'202211302328142501238434,N,
190200,COCC11182451,9000,2022-11-30 23:36:48.0,null,'202211302331082501266578,Y,
190201,COCC11182451,9000,2022-11-30 23:36:48.0,null,'202211302331082501266578,Y,
190202,COCC11182451,9000,2022-11-30 23:36:48.0,null,'202211302331082501266578,Y,
190203,COCC11182451,9000,2022-11-30 23:36:48.0,null,'202211302331082501266578,Y,
190204,COCC11182451,9000,2022-11-30 23:36:48.0,null,'202211302331082501266578,Y,
190205,COCC11182452,1600.002.01,2022-12-01 00:20:27.0,null,'202211302328192501239387,N,
190206,COCC11182453,1600.002.01,2022-12-01 00:57:41.0,null,'202211302328172501239090,N,
190207,COCC11182454,1600.002.01,2022-12-01 00:17:48.0,null,'202211302328132501238194,N,
190208,CO11352651,1600.002.01,2022-12-01 03:03:50.0,null,'202211302328082501237430,N,
190209,CO11352651,1600.002.01,2022-12-01 03:03:50.0,null,'202211302328082501237430,N,
190210,CO11352650,1600.002.01,2022-12-01 02:27:29.0,null,'202211302328092501237612,N,
190211,CO11352650,1600.002.01,2022-12-01 02:27:29.0,null,'202211302328092501237612,N,
190212,CO11352650,1600.002.01,2022-12-01 02:27:29.0,null,'202211302328092501237612,N,
190213,CO11352753,1600.002.01,2022-11-30 23:58:34.0,null,'202211302328092501237554,Y,
190214,CO11352753,1600.002.01,2022-11-30 23:58:34.0,null,'202211302328092501237554,Y,
190215,CO11352648,1600.002.01,2022-12-01 02:59:14.0,null,'202211302328092501237501,N,
190216,CO11352647,1600.002.01,2022-12-01 00:27:13.0,null,'202211302328102501237680,Y,
190217,CO11352752,1600.002.01,2022-11-30 23:59:37.0,null,'202211302328102501237732,Y,
190218,CO11352752,1600.002.01,2022-11-30 23:59:37.0,null,'202211302328102501237732,Y,
190219,CO11352752,1600.002.01,2022-11-30 23:59:37.0,null,'202211302328102501237732,Y,
190220,CO11352645,9000,2022-11-30 23:32:11.0,null,'202211302328112501237944,N,
190221,CO11352645,9000,2022-11-30 23:32:11.0,null,'202211302328112501237944,N,
190222,CO11352645,1600.002.01,2022-12-01 01:16:38.0,null,'202211302333332501283142,Y,
190223,CO11352645,1600.002.01,2022-12-01 01:16:38.0,null,'202211302333332501283142,Y,
190224,CO11352750,1600.002.01,2022-12-01 01:54:02.0,null,'202211302328112501237799,N,
190225,CO11352750,1600.002.01,2022-12-01 01:54:02.0,null,'202211302328112501237799,N,
190226,CO11352750,1600.002.01,2022-12-01 01:54:02.0,null,'202211302328112501237799,N,
190227,CO11352748,1600.002,2022-12-01 23:43:58.0,null,'202211302328112501237865,N,
190228,CO11352748,1600.002,2022-12-01 23:43:58.0,null,'202211302328112501237865,N,
190229,CO11352746,1600.002.01,2022-12-01 00:41:56.0,null,'202211302328122501238011,Y,
190230,CO11352746,1600.002.01,2022-12-01 00:41:56.0,null,'202211302328122501238011,Y,
190231,CO11352746,1600.002.01,2022-12-01 00:41:56.0,null,'202211302328122501238011,Y,
190232,CO11352743,1600.002.01,2022-12-01 00:46:54.0,null,'202211302328122501238147,Y,
190233,CO11352660,1600.002.01,2022-12-01 01:22:30.0,null,'202211302328122501238101,Y,
190234,CO11352659,1600.002.01,2022-12-01 01:10:21.0,null,'202211302328132501238246,Y,
190235,CO11352657,1600.002.01,2022-12-01 00:02:33.0,null,'202211302328132501238323,Y,
190236,CO11352656,9000,2022-11-30 23:31:05.0,null,'202211302328142501238373,Y,
190237,CO11352656,1600.002.01,2022-12-01 00:28:23.0,null,'202211302333302501282467,Y,
190238,CO11352654,1600.002.01,2022-12-01 01:58:30.0,null,'202211302328162501238807,N,
190239,CO11352654,1600.002.01,2022-12-01 01:58:30.0,null,'202211302328162501238807,N,
190240,CO11352654,1600.002.01,2022-12-01 01:58:30.0,null,'202211302328162501238807,N,
190241,CO11352653,1600.002.01,2022-12-01 00:15:32.0,null,'202211302328152501238713,Y,
190242,CO11352653,1600.002.01,2022-12-01 00:15:32.0,null,'202211302328152501238713,Y,
190243,CO11352653,1600.002.01,2022-12-01 00:15:32.0,null,'202211302328152501238713,Y,
190244,CO11352754,1600.002.01,2022-12-01 14:53:59.0,null,'202211302328142501238560,Y,
190245,CO11352649,1600.002.01,2022-12-01 00:37:58.0,null,'202211302328152501238626,Y,
190246,COCC11182458,1600.002.01,2022-12-01 01:24:06.0,null,'202211302340082501329059,Y,
190247,COCC11182459,1600.002.01,2022-11-30 23:42:14.0,null,'202211302328202501239492,N,
190248,Y100126892,1500.1000,2022-11-30 23:27:01.0,null,'202211302327012501229857,N,
190249,COCC11182461,9000,2022-11-30 23:38:19.0,null,'202211302335152501294106,N,
190250,Y100126893,1600,2022-12-01 02:12:23.0,null,'202211302327242501232949,N,
190251,COCC11182463,1600.002.01,2022-12-01 13:35:05.0,null,'202211302332082501272950,Y,
190252,COCC11182463,1600.002.01,2022-12-01 13:35:05.0,null,'202211302332082501272950,Y,
190253,COCC11182464,1600.002.01,2022-12-01 01:55:07.0,null,'202211302335092501293053,N,
190254,COCC11182464,1600.002.01,2022-12-01 01:55:07.0,null,'202211302335092501293053,N,
190255,COCC11182464,1600.002.01,2022-12-01 01:55:07.0,null,'202211302335092501293053,N,
190256,COCC11182464,1600.002.01,2022-12-01 01:55:07.0,null,'202211302335092501293053,N,
190257,COCC11182464,1600.002.01,2022-12-01 01:55:07.0,null,'202211302335092501293053,N,
190258,COCC11182466,1600.002.01,2022-12-01 15:04:48.0,null,'202211302337082501306518,N,
190259,COCC11182466,1600.002.01,2022-12-01 15:04:48.0,null,'202211302337082501306518,N,
190260,COCC11182468,1600.002.01,2022-12-01 01:49:32.0,null,'202211302335162501294240,N,
190261,COCC11182468,1600.002.01,2022-12-01 01:49:32.0,null,'202211302335162501294240,N,
190262,COCC11182468,1600.002.01,2022-12-01 01:49:32.0,null,'202211302335162501294240,N,
190263,COCC11182468,1600.002.01,2022-12-01 01:49:32.0,null,'202211302335162501294240,N,
190264,COCC11182469,1600.002.01,2022-12-01 01:50:30.0,null,'202211302332072501272801,N,
190265,CO11352757,1600.002.01,2022-12-01 00:50:14.0,null,'202211302330082501253226,Y,
190266,CO11352757,1600.002.01,2022-12-01 00:50:14.0,null,'202211302330082501253226,Y,
190267,CO11352756,1600.002.01,2022-12-01 01:21:12.0,null,'202211302330092501253387,Y,
190268,CO11352756,1600.002.01,2022-12-01 01:21:12.0,null,'202211302330092501253387,Y,
190269,CO11352661,1600.002.01,2022-12-01 01:17:48.0,null,'202211302330082501253335,Y,
190270,COCC11182472,1600.002.01,2022-12-01 00:26:53.0,null,'202211302333302501282638,Y,
190271,COCC11182474,1600.002.02,2022-12-01 02:06:59.0,null,'202211302335172501294436,N,
190272,COCC11182474,1600.002.02,2022-12-01 02:06:59.0,null,'202211302335172501294436,N,
190273,COCC11182475,9000,2022-11-30 23:52:24.0,null,'202211302335162501294172,Y,
190274,COCC11182476,1600.002.01,2022-12-01 02:42:16.0,null,'202211302335092501293128,N,
190275,COCC11182477,1600.002.01,2022-12-01 02:09:27.0,null,'202211302335102501293178,N,
190276,COCC11182478,1600.002.01,2022-12-01 20:21:06.0,null,'202211302332082501272902,N,
190277,Y100126895,1600,2022-11-30 23:32:37.0,null,'202211302329312501247816,N,
190278,Y100126896,1600.001,2022-12-01 01:04:36.0,null,'202211302332402501276818,N,
190279,COCC11182481,1600.002.01,2022-12-01 20:21:29.0,null,'202211302333342501283285,Y,
190280,COCC11182481,1600.002.01,2022-12-01 20:21:29.0,null,'202211302333342501283285,Y,
190281,COCC11182481,1600.002.01,2022-12-01 20:21:29.0,null,'202211302333342501283285,Y,
190282,Y100126897,1500,2022-11-30 23:58:04.0,null,'202211302332402501276849,Y,
190283,COCC11182482,1600.002.01,2022-12-01 11:27:18.0,null,'202211302359072501463789,Y,
190284,COCC11182482,1600.002.01,2022-12-01 11:27:18.0,null,'202211302359072501463789,Y,
190285,COCC11182482,1600.002.01,2022-12-01 11:27:18.0,null,'202211302359072501463789,Y,
190286,COCC11182482,1600.002.01,2022-12-01 11:27:18.0,null,'202211302359072501463789,Y,
190287,COCC11182485,1600.002.01,2022-12-01 01:30:05.0,null,'202211302335142501293796,Y,
190288,COCC11182485,1600.002.01,2022-12-01 01:30:05.0,null,'202211302335142501293796,Y,
190289,COCC11182486,1600.002.01,2022-12-01 02:03:23.0,null,'202211302338082501313933,Y,
190290,COCC11182486,1600.002.01,2022-12-01 02:03:23.0,null,'202211302338082501313933,Y,
190291,COCC11182489,1600.002.01,2022-12-01 01:06:27.0,null,'202212010008062501536692,N,
190292,COCC11182489,1600.002.01,2022-12-01 01:06:27.0,null,'202212010008062501536692,N,
190293,COCC11182489,1600.002.01,2022-12-01 01:06:27.0,null,'202212010008062501536692,N,
190294,COCC11182489,1600.002.01,2022-12-01 01:06:27.0,null,'202212010008062501536692,N,
190295,CO11352762,1600.002.01,2022-12-01 01:20:37.0,null,'202211302333312501282682,N,
190296,CO11352667,1600.002.01,2022-12-01 02:35:43.0,null,'202211302333322501282825,Y,
190297,CO11352667,1600.002.01,2022-12-01 02:35:43.0,null,'202211302333322501282825,Y,
190298,CO11352667,1600.002.01,2022-12-01 02:35:43.0,null,'202211302333322501282825,Y,
190299,CO11352760,1600.002.01,2022-12-01 02:37:31.0,null,'202211302333312501282733,Y,
190300,CO11352760,1600.002.01,2022-12-01 02:37:31.0,null,'202211302333312501282733,Y,
190301,CO11352759,1600.002.01,2022-12-01 05:46:54.0,null,'202211302333312501282781,Y,
190302,CO11352665,1600.002.01,2022-12-01 01:45:18.0,null,'202211302333322501282896,N,
190303,CO11352663,1600.002.01,2022-12-01 00:58:02.0,null,'202211302333322501282998,Y,
190304,CO11352755,1600.002.01,2022-12-01 15:07:10.0,null,'202211302333332501283083,Y,
190305,COCC11182490,1600.002.01,2022-12-01 15:04:05.0,null,'202211302335112501293454,Y,
190306,COCC11182491,1600.002.01,2022-12-01 20:21:54.0,null,'202211302333342501283220,N,
190307,COCC11182492,1600.002.01,2022-12-01 01:50:25.0,null,'202211302337092501306591,Y,
190308,COCC11182492,1600.002.01,2022-12-01 01:50:25.0,null,'202211302337092501306591,Y,
190309,COCC11182492,1600.002.01,2022-12-01 01:50:25.0,null,'202211302337092501306591,Y,
190310,COCC11182492,1600.002.01,2022-12-01 01:50:25.0,null,'202211302337092501306591,Y,
190311,COCC11182492,1600.002.01,2022-12-01 01:50:25.0,null,'202211302337092501306591,Y,
190312,COCC11182492,1600.002.01,2022-12-01 01:50:25.0,null,'202211302337092501306591,Y,
190313,COCC11182492,1600.002.01,2022-12-01 01:50:25.0,null,'202211302337092501306591,Y,
190314,COCC11182493,1600.002.01,2022-12-01 20:22:21.0,null,'202211302338082501313828,N,
190315,COCC11182494,1600.002.01,2022-12-01 00:09:33.0,null,'202211302337082501306441,Y,
190316,Y100126898,1600,2022-12-01 17:42:58.0,null,'202211302333142501280873,N,
190317,Y100126898,1600,2022-12-01 17:42:58.0,null,'202211302333142501280873,N,
190318,COCC11182496,1600.002.01,2022-12-01 20:22:46.0,null,'202211302335172501294506,N,
190319,COCC11182498,1600.002.01,2022-12-01 20:23:13.0,null,'202211302337072501306301,N,
190320,COCC11182498,1600.002.01,2022-12-01 20:23:13.0,null,'202211302337072501306301,N,
190321,COCC11182500,1600.002.01,2022-12-01 01:21:18.0,null,'202211302337072501306215,N,
190322,COCC11182500,1600.002.01,2022-12-01 01:21:18.0,null,'202211302337072501306215,N,
190323,Y100126899,1600,2022-11-30 23:37:28.0,null,'202211302333062501279968,N,
190324,Y100126899,1600,2022-11-30 23:37:28.0,null,'202211302333062501279968,N,
190325,COCC11182501,1600.002.01,2022-12-01 20:23:49.0,null,'202212011753092508151728,Y,
190326,COCC11182502,1600.002.01,2022-12-01 16:10:51.0,null,'202211302338162501315144,N,
190327,COCC11182502,1600.002.01,2022-12-01 16:10:51.0,null,'202211302338162501315144,N,
190328,COCC11182502,1600.002.01,2022-12-01 16:10:51.0,null,'202211302338162501315144,N,
190329,COCC11182504,1600.002.01,2022-12-02 02:24:23.0,null,'202211302338152501315022,Y,
190330,CO11352768,1600.002.01,2022-12-01 00:27:36.0,null,'202211302335132501293662,Y,
190331,CO11352766,1600.002.01,2022-12-01 00:41:04.0,null,'202211302335132501293702,Y,
190332,CO11352766,1600.002.01,2022-12-01 00:41:04.0,null,'202211302335132501293702,Y,
190333,CO11352674,1600.002.01,2022-12-01 00:18:21.0,null,'202211302335132501293755,N,
190334,CO11352765,1600.002.01,2022-12-01 01:07:34.0,null,'202211302335142501293853,N,
190335,CO11352765,1600.002.01,2022-12-01 01:07:34.0,null,'202211302335142501293853,N,
190336,CO11352672,1600.002.01,2022-12-01 15:38:04.0,null,'202211302335142501293938,Y,
190337,CO11352672,1600.002.01,2022-12-01 15:38:04.0,null,'202211302335142501293938,Y,
190338,CO11352763,1600.002.01,2022-12-01 01:42:11.0,null,'202211302335152501294022,N,
190339,CO11352669,1600.002.01,2022-12-01 01:17:51.0,null,'202211302335152501294064,Y,
190340,COCC11182507,1600.002.01,2022-12-01 00:07:35.0,null,'202211302338072501313750,N,
190341,COCC11182507,1600.002.01,2022-12-01 00:07:35.0,null,'202211302338072501313750,N,
190342,COCC11182508,1600.002.01,2022-12-01 01:12:40.0,null,'202211302349072501393509,Y,
190343,COCC11182508,1600.002.01,2022-12-01 01:12:40.0,null,'202211302349072501393509,Y,
190344,COCC11182508,1600.002.01,2022-12-01 01:12:40.0,null,'202211302349072501393509,Y,
190345,COCC11182508,1600.002.01,2022-12-01 01:12:40.0,null,'202211302349072501393509,Y,
190346,COCC11182509,1600.002.01,2022-12-02 00:18:56.0,null,'202211302343132501355021,Y,
190347,COCC11182509,1600.002.01,2022-12-02 00:18:56.0,null,'202211302343132501355021,Y,
190348,COCC11182509,1600.002.01,2022-12-02 00:18:56.0,null,'202211302343132501355021,Y,
190349,COCC11182510,1600.002.01,2022-12-01 02:24:52.0,null,'202211302337082501306349,N,
190350,Y100126900,1100,2022-12-02 19:51:09.0,null,'202211302334302501289236,N,
190351,COCC11182512,9000,2022-12-01 11:52:25.0,null,'202212011131452505403355,N,
190352,COCC11182512,1600.002.01,2022-12-01 12:53:02.0,null,'202212011155072505534516,Y,
190353,COCC11182514,1600.002.01,2022-12-01 15:58:39.0,null,'202211302338082501313887,Y,
190354,COCC11182515,9000,2022-11-30 23:48:38.0,null,'202211302345162501369257,N,
190355,COCC11182515,9000,2022-11-30 23:48:38.0,null,'202211302345162501369257,N,
190356,COCC11182515,1600.002.01,2022-12-01 01:12:59.0,null,'202211302350082501401315,Y,
190357,COCC11182515,1600.002.01,2022-12-01 01:12:59.0,null,'202211302350082501401315,Y,
190358,COCC11182517,1600.002.01,2022-12-01 01:10:08.0,null,'202211302341072501341736,N,
190359,COCC11182517,1600.002.01,2022-12-01 01:10:08.0,null,'202211302341072501341736,N,
190360,COCC11182517,1600.002.01,2022-12-01 01:10:08.0,null,'202211302341072501341736,N,
190361,COCC11182517,1600.002.01,2022-12-01 01:10:08.0,null,'202211302341072501341736,N,
190362,COCC11182517,1600.002.01,2022-12-01 01:10:08.0,null,'202211302341072501341736,N,
190363,COCC11182518,1600.002.01,2022-12-01 02:05:47.0,null,'202211302338152501315079,Y,
190364,COCC11182519,1600.002.01,2022-12-01 00:23:11.0,null,'202211302338172501315499,N,
190365,COCC11182519,1600.002.01,2022-12-01 00:23:11.0,null,'202211302338172501315499,N,
190366,COCC11182520,1600.002.01,2022-12-01 01:29:47.0,null,'202211302338162501315223,Y,
190367,COCC11182521,1600.002.01,2022-12-01 14:57:46.0,null,'202211302340072501328704,Y,
190368,COCC11182523,1600.002.01,2022-11-30 23:56:10.0,null,'202211302338162501315295,N,
190369,COCC11182524,1600.002.01,2022-12-01 02:03:57.0,null,'202211302344082501361382,N,
190370,COCC11182525,1600.002.01,2022-12-01 00:00:03.0,null,'202211302340072501328765,Y,
190371,COCC11182527,1600.002.02,2022-12-01 15:18:05.0,null,'202211302343072501353989,Y,
190372,COCC11182527,1600.002.02,2022-12-01 15:18:05.0,null,'202211302343072501353989,Y,
190373,COCC11182527,1600.002.02,2022-12-01 15:18:05.0,null,'202211302343072501353989,Y,
190374,CO11352680,9000,2022-11-30 23:43:09.0,null,'202211302338092501314110,Y,
190375,CO11352680,9000,2022-11-30 23:43:09.0,null,'202211302338092501314110,Y,
190376,CO11352680,9000,2022-11-30 23:43:09.0,null,'202211302338092501314110,Y,
190377,CO11352680,9000,2022-11-30 23:43:09.0,null,'202211302338092501314110,Y,
190378,CO11352680,9000,2022-11-30 23:43:09.0,null,'202211302338092501314110,Y,
190379,CO11352680,1600.002.01,2022-12-01 02:07:09.0,null,'202211302345072501367455,Y,
190380,CO11352680,1600.002.01,2022-12-01 02:07:09.0,null,'202211302345072501367455,Y,
190381,CO11352680,1600.002.01,2022-12-01 02:07:09.0,null,'202211302345072501367455,Y,
190382,CO11352680,1600.002.01,2022-12-01 02:07:09.0,null,'202211302345072501367455,Y,
190383,CO11352680,1600.002.01,2022-12-01 02:07:09.0,null,'202211302345072501367455,Y,
190384,CO11352678,1600.002.01,2022-12-01 00:41:52.0,null,'202211302338082501313982,Y,
190385,CO11352774,1600.002.01,2022-12-01 00:19:34.0,null,'202211302338092501314043,Y,
190386,CO11352774,1600.002.01,2022-12-01 00:19:34.0,null,'202211302338092501314043,Y,
190387,CO11352677,1600.002.01,2022-12-01 00:29:29.0,null,'202211302338102501314270,N,
190388,CO11352677,1600.002.01,2022-12-01 00:29:29.0,null,'202211302338102501314270,N,
190389,CO11352677,1600.002.01,2022-12-01 00:29:29.0,null,'202211302338102501314270,N,
190390,CO11352771,1600.002.01,2022-12-01 01:53:48.0,null,'202211302338102501314193,Y,
190391,CO11352770,1600.002.01,2022-12-01 01:04:46.0,null,'202211302338102501314342,N,
190392,CO11352769,1100.70.06.30,2022-11-30 23:50:58.0,null,'202211302338112501314430,N,
190393,CO11352767,1600.002.01,2022-12-01 00:46:42.0,null,'202211302338112501314389,N,
190394,CO11352675,1600.002.01,2022-12-01 13:41:54.0,null,'202211302338122501314589,Y,
190395,CO11352675,1600.002.01,2022-12-01 13:41:54.0,null,'202211302338122501314589,Y,
190396,CO11352673,1600.002.01,2022-12-01 00:07:53.0,null,'202211302338112501314473,N,
190397,CO11352673,1600.002.01,2022-12-01 00:07:53.0,null,'202211302338112501314473,N,
190398,CO11352778,1600.002.01,2022-12-01 00:25:45.0,null,'202211302338122501314522,N,
190399,CO11352778,1600.002.01,2022-12-01 00:25:45.0,null,'202211302338122501314522,N,
190400,CO11352783,1600.002.01,2022-12-01 14:12:45.0,null,'202211302338122501314653,Y,
190401,CO11352782,1600.002.01,2022-12-01 14:23:38.0,null,'202211302338132501314749,Y,
190402,CO11352782,1600.002.01,2022-12-01 14:23:38.0,null,'202211302338132501314749,Y,
190403,CO11352777,1600.002.01,2022-12-01 00:40:33.0,null,'202211302338142501314792,Y,
190404,CO11352777,1600.002.01,2022-12-01 00:40:33.0,null,'202211302338142501314792,Y,
190405,CO11352679,1600.002.01,2022-12-01 01:08:22.0,null,'202211302338132501314700,Y,
190406,CO11352679,1600.002.01,2022-12-01 01:08:22.0,null,'202211302338132501314700,Y,
190407,CO11352776,1600.002.01,2022-12-01 00:34:58.0,null,'202211302338132501314773,Y,
190408,CO11352775,1600.002,2022-12-01 14:18:53.0,null,'202211302338142501314909,Y,
190409,CO11352773,1600.002.01,2022-12-01 13:56:42.0,null,'202211302338142501314851,Y,
190410,CO11352676,1600.002.01,2022-12-01 05:40:34.0,null,'202211302338152501314964,Y,
190411,COCC11182529,1600.002.01,2022-12-01 15:09:27.0,null,'202211302349072501393574,Y,
190412,COCC11182529,1600.002.01,2022-12-01 15:09:27.0,null,'202211302349072501393574,Y,
190413,COCC11182529,1600.002.01,2022-12-01 15:09:27.0,null,'202211302349072501393574,Y,
190414,COCC11182529,1600.002.01,2022-12-01 15:09:27.0,null,'202211302349072501393574,Y,
190415,COCC11182529,1600.002.01,2022-12-01 15:09:27.0,null,'202211302349072501393574,Y,
190416,COCC11182530,1600.002.01,2022-12-01 01:33:23.0,null,'202212010105082501926626,Y,
190417,COCC11182530,1600.002.01,2022-12-01 01:33:23.0,null,'202212010105082501926626,Y,
190418,COCC11182532,1600.002.01,2022-12-01 11:36:12.0,null,'202211302345072501367514,N,
190419,COCC11182533,1600.002.01,2022-12-01 00:59:38.0,null,'202211302340082501328906,Y,
190420,COCC11182534,1600.002.01,2022-12-01 02:21:23.0,null,'202211302347092501380636,Y,
190421,COCC11182534,1600.002.01,2022-12-01 02:21:23.0,null,'202211302347092501380636,Y,
190422,COCC11182534,1600.002.01,2022-12-01 02:21:23.0,null,'202211302347092501380636,Y,
190423,COCC11182534,1600.002.01,2022-12-01 02:21:23.0,null,'202211302347092501380636,Y,
190424,COCC11182535,1600.002.01,2022-12-01 00:59:27.0,null,'202211302342072501348179,N,
190425,COCC11182536,1600.002.02,2022-12-01 18:48:19.0,null,'202211302341082501341875,Y,
190426,Y100126902,1500.1000,2022-11-30 23:37:44.0,null,'202211302337432501311365,N,
190427,Y100126902,1500.1000,2022-11-30 23:37:44.0,null,'202211302337432501311365,N,
190428,Y100126902,1500.1000,2022-11-30 23:37:44.0,null,'202211302337432501311365,N,
190429,Y100126902,1500.1000,2022-11-30 23:37:44.0,null,'202211302337432501311365,N,
190430,COCC11182538,1600.002.01,2022-12-01 01:35:46.0,null,'202212010005102501520165,Y,
190431,COCC11182538,1600.002.01,2022-12-01 01:35:46.0,null,'202212010005102501520165,Y,
190432,COCC11182538,1600.002.01,2022-12-01 01:35:46.0,null,'202212010005102501520165,Y,
190433,COCC11182538,1600.002.01,2022-12-01 01:35:46.0,null,'202212010005102501520165,Y,
190434,COCC11182539,1600.002.01,2022-12-01 00:22:20.0,null,'202211302342072501348239,N,
190435,COCC11182539,1600.002.01,2022-12-01 00:22:20.0,null,'202211302342072501348239,N,
190436,COCC11182540,1600.002.02,2022-12-01 02:53:17.0,null,'202211302350082501401154,Y,
190437,COCC11182542,1600.002.01,2022-12-01 00:50:19.0,null,'202211302343082501354257,N,
190438,CO11352883,1600.002.01,2022-12-01 01:52:35.0,null,'202211302340072501328825,Y,
190439,CO11352779,1600.002.01,2022-12-01 02:03:44.0,null,'202211302340082501328985,Y,
190440,COCC11182546,1600.002.01,2022-12-01 00:10:48.0,null,'202211302341082501341814,Y,
190441,COCC11182547,1600.002.01,2022-12-01 00:37:30.0,null,'202211302343092501354294,Y,
190442,COCC11182552,1600.002.01,2022-12-01 14:54:21.0,null,'202211302345142501368911,Y,
190443,COCC11182554,1600.002.01,2022-12-01 01:05:18.0,null,'202211302342082501348307,N,
190444,COCC11182556,1600.002.01,2022-12-01 00:57:20.0,null,'202211302343082501354210,Y,
190445,COCC11182558,1600.002.01,2022-12-01 01:20:50.0,null,'202211302350072501401077,Y,
190446,COCC11182558,1600.002.01,2022-12-01 01:20:50.0,null,'202211302350072501401077,Y,
190447,COCC11182558,1600.002.01,2022-12-01 01:20:50.0,null,'202211302350072501401077,Y,
190448,COCC11182558,1600.002.01,2022-12-01 01:20:50.0,null,'202211302350072501401077,Y,
190449,COCC11182558,1600.002.01,2022-12-01 01:20:50.0,null,'202211302350072501401077,Y,
190450,COCC11182559,1600.002.01,2022-12-01 01:19:47.0,null,'202211302345142501368852,Y,
190451,COCC11182560,1600.002.01,2022-12-01 01:50:50.0,null,'202211302342082501348379,N,
190452,COCC11182561,1600.002.01,2022-12-01 13:40:52.0,null,'202211302345152501369074,Y,
190453,COCC11182561,1600.002.01,2022-12-01 13:40:52.0,null,'202211302345152501369074,Y,
190454,COCC11182561,1600.002.01,2022-12-01 13:40:52.0,null,'202211302345152501369074,Y,
190455,COCC11182561,1600.002.01,2022-12-01 13:40:52.0,null,'202211302345152501369074,Y,
190456,COCC11182562,1600.002.01,2022-12-01 02:03:15.0,null,'202211302343082501354116,Y,
190457,COCC11182562,1600.002.01,2022-12-01 02:03:15.0,null,'202211302343082501354116,Y,
190458,COCC11182565,1600.002.01,2022-12-01 00:43:58.0,null,'202211302347092501380485,N,
190459,COCC11182565,1600.002.01,2022-12-01 00:43:58.0,null,'202211302347092501380485,N,
190460,Y100126903,1600,2022-12-01 00:20:51.0,null,'202211302340382501335708,N,
190461,COCC11182568,9000,2022-11-30 23:44:55.0,null,'202211302344072501361182,N,
190462,COCC11182568,9000,2022-11-30 23:44:55.0,null,'202211302344072501361182,N,
190463,COCC11182568,1600.002.01,2022-12-01 02:26:47.0,null,'202211302345152501369169,Y,
190464,COCC11182568,1600.002.01,2022-12-01 02:26:47.0,null,'202211302345152501369169,Y,
190465,COCC11182570,1600.002.01,2022-12-01 01:12:35.0,null,'202211302344072501361257,N,
190466,COCC11182570,1600.002.01,2022-12-01 01:12:35.0,null,'202211302344072501361257,N,
190467,COCC11182571,1600.002.01,2022-12-01 00:45:36.0,null,'202211302347082501380376,N,
190468,CO11352886,1600.002.01,2022-12-01 13:32:45.0,null,'202211302343092501354342,Y,
190469,CO11352799,1600.002.01,2022-12-01 01:32:11.0,null,'202211302343092501354397,N,
190470,CO11352799,1600.002.01,2022-12-01 01:32:11.0,null,'202211302343092501354397,N,
190471,CO11352799,1600.002.01,2022-12-01 01:32:11.0,null,'202211302343092501354397,N,
190472,CO11352798,1600.002.01,2022-12-01 02:04:20.0,null,'202211302343102501354490,Y,
190473,CO11352885,1600.002.01,2022-12-01 01:09:37.0,null,'202211302343102501354536,Y,
190474,CO11352793,1600.002.01,2022-12-01 01:21:46.0,null,'202211302343112501354796,Y,
190475,CO11352793,1600.002.01,2022-12-01 01:21:46.0,null,'202211302343112501354796,Y,
190476,CO11352793,1600.002.01,2022-12-01 01:21:46.0,null,'202211302343112501354796,Y,
190477,CO11352793,1600.002.01,2022-12-01 01:21:46.0,null,'202211302343112501354796,Y,
190478,CO11352791,9000,2022-12-01 10:58:08.0,null,'202212011056072505214257,Y,
190479,CO11352791,9000,2022-12-01 00:03:14.0,null,'202211302343102501354591,N,
190480,CO11352882,1600.002.01,2022-12-01 00:58:03.0,null,'202211302343112501354644,N,
190481,CO11352780,1600.002.01,2022-12-01 02:29:00.0,null,'202211302343112501354721,Y,
190482,CO11352780,1600.002.01,2022-12-01 02:29:00.0,null,'202211302343112501354721,Y,
190483,CO11352780,1600.002.01,2022-12-01 02:29:00.0,null,'202211302343112501354721,Y,
190484,CO11352781,1600.002.01,2022-12-01 00:41:40.0,null,'202211302343122501354933,N,
190485,CO11352781,1600.002.01,2022-12-01 00:41:40.0,null,'202211302343122501354933,N,
190486,CO11352781,1600.002.01,2022-12-01 00:41:40.0,null,'202211302343122501354933,N,
190487,CO11352781,1600.002.01,2022-12-01 00:41:40.0,null,'202211302343122501354933,N,
190488,CO11352789,1600.002.01,2022-12-01 01:08:11.0,null,'202211302343122501354874,Y,
190489,CO11352789,1600.002.01,2022-12-01 01:08:11.0,null,'202211302343122501354874,Y,
190490,COCC11182575,9000,2022-12-01 00:00:05.0,null,'202211302344072501361321,N,
190491,COCC11182576,1600.002.01,2022-12-01 01:40:11.0,null,'202211302347062501380179,Y,
190492,COCC11182577,1600.002.01,2022-12-01 13:43:37.0,null,'202211302347072501380226,Y,
190493,COCC11182577,1600.002.01,2022-12-01 13:43:37.0,null,'202211302347072501380226,Y,
190494,COCC11182579,1600.002.01,2022-12-01 00:38:08.0,null,'202211302345142501368985,N,
190495,COCC11182579,1600.002.01,2022-12-01 00:38:08.0,null,'202211302345142501368985,N,
190496,COCC11182579,1600.002.01,2022-12-01 00:38:08.0,null,'202211302345142501368985,N,
190497,COCC11182580,1600.002.01,2022-12-01 01:36:15.0,null,'202211302349082501393849,N,
190498,COCC11182582,1600.002.01,2022-12-01 01:41:57.0,null,'202211302348122501387878,Y,
190499,COCC11182583,1600.002.01,2022-12-02 00:19:21.0,null,'202211302348072501386952,Y,
190500,COCC11182583,1600.002.01,2022-12-02 00:19:21.0,null,'202211302348072501386952,Y,
190501,COCC11182583,1600.002.01,2022-12-02 00:19:21.0,null,'202211302348072501386952,Y,
190502,COCC11182585,1600.002.01,2022-12-01 02:56:45.0,null,'202211302348072501386878,Y,
190503,COCC11182585,1600.002.01,2022-12-01 02:56:45.0,null,'202211302348072501386878,Y,
190504,COCC11182586,1600.002.01,2022-12-01 00:56:19.0,null,'202211302347082501380420,Y,
190505,COCC11182587,1600.002.01,2022-12-01 14:32:23.0,null,'202211302354072501432094,Y,
190506,COCC11182587,1600.002.01,2022-12-01 14:32:23.0,null,'202211302354072501432094,Y,
190507,COCC11182587,1600.002.01,2022-12-01 14:32:23.0,null,'202211302354072501432094,Y,
190508,COCC11182588,1600.002.01,2022-12-01 01:10:06.0,null,'202211302351072501413204,N,
190509,COCC11182588,1600.002.01,2022-12-01 01:10:06.0,null,'202211302351072501413204,N,
190510,COCC11182589,1600.002.01,2022-12-01 15:24:33.0,null,'202211302345152501369206,N,
190511,CO11352888,1600.002.01,2022-12-01 00:42:09.0,null,'202211302345102501368215,Y,
190512,CO11352888,1600.002.01,2022-12-01 00:42:09.0,null,'202211302345102501368215,Y,
190513,CO11352890,1600.002.01,2022-12-01 00:42:08.0,null,'202211302345112501368284,Y,
190514,CO11352889,1600.002.02,2022-12-01 15:17:16.0,null,'202211302345112501368330,N,
190515,CO11352800,1600.002.01,2022-12-01 01:03:22.0,null,'202211302345112501368371,Y,
190516,CO11352800,1600.002.01,2022-12-01 01:03:22.0,null,'202211302345112501368371,Y,
190517,CO11352887,1600.002.01,2022-12-01 00:37:09.0,null,'202211302345122501368434,Y,
190518,CO11352796,1600.002.02,2022-12-01 00:08:00.0,null,'202211302345122501368539,N,
190519,CO11352796,1600.002.02,2022-12-01 00:08:00.0,null,'202211302345122501368539,N,
190520,CO11352796,1600.002.02,2022-12-01 00:08:00.0,null,'202211302345122501368539,N,
190521,CO11352796,1600.002.02,2022-12-01 00:08:00.0,null,'202211302345122501368539,N,
190522,CO11352794,1600.002.01,2022-12-01 00:34:48.0,null,'202211302345122501368476,N,
190523,CO11352785,1600.002.01,2022-12-01 13:23:01.0,null,'202211302345132501368623,Y,
190524,CO11352785,1600.002.01,2022-12-01 13:23:01.0,null,'202211302345132501368623,Y,
190525,CO11352681,1600.002.01,2022-12-01 21:03:33.0,null,'202212010041092501767970,Y,
190526,CO11352681,1600.002.01,2022-12-01 21:03:33.0,null,'202212010041092501767970,Y,
190527,CO11352681,1600.002.01,2022-12-01 21:03:33.0,null,'202212010041092501767970,Y,
190528,COCC11182591,1600.002.01,2022-12-01 15:13:56.0,null,'202211302348072501387027,Y,
190529,Y100126906,9000,2022-11-30 23:48:12.0,null,'202211302346402501377010,N,
190530,Y100126907,1600,2022-12-01 00:41:02.0,null,'202211302346402501377058,Y,
190531,COCC11182592,9000,2022-11-30 23:55:23.0,null,'202211302354082501432252,N,
190532,COCC11182592,9000,2022-11-30 23:55:23.0,null,'202211302354082501432252,N,
190533,COCC11182592,9000,2022-11-30 23:55:23.0,null,'202211302354082501432252,N,
190534,COCC11182592,9000,2022-11-30 23:55:23.0,null,'202211302354082501432252,N,
190535,COCC11182592,9000,2022-11-30 23:55:23.0,null,'202211302354082501432252,N,
190536,COCC11182592,1600.002.01,2022-12-01 01:57:50.0,null,'202211302357072501450279,N,
190537,COCC11182592,1600.002.01,2022-12-01 01:57:50.0,null,'202211302357072501450279,N,
190538,COCC11182592,1600.002.01,2022-12-01 01:57:50.0,null,'202211302357072501450279,N,
190539,COCC11182592,1600.002.01,2022-12-01 01:57:50.0,null,'202211302357072501450279,N,
190540,COCC11182592,1600.002.01,2022-12-01 01:57:50.0,null,'202211302357072501450279,N,
190541,COCC11182594,1600.002.01,2022-12-01 01:21:49.0,null,'202211302347082501380337,Y,
190542,COCC11182596,1600.002.01,2022-12-01 21:11:06.0,null,'202211302353072501425774,Y,
190543,COCC11182596,1600.002.01,2022-12-01 21:11:06.0,null,'202211302353072501425774,Y,
190544,COCC11182596,1600.002.01,2022-12-01 21:11:06.0,null,'202211302353072501425774,Y,
190545,COCC11182596,1600.002.01,2022-12-01 21:11:06.0,null,'202211302353072501425774,Y,
190546,COCC11182599,1600.002.02,2022-12-01 17:08:10.0,null,'202211302348112501387804,N,
190547,COCC11182599,1600.002.02,2022-12-01 17:08:10.0,null,'202211302348112501387804,N,
190548,COCC11182600,1600.002.01,2022-12-01 01:31:59.0,null,'202211302351062501413160,Y,
190549,COCC11182601,1600.002.01,2022-12-01 02:09:48.0,null,'202211302351072501413250,N,
190550,COCC11182601,1600.002.01,2022-12-01 02:09:48.0,null,'202211302351072501413250,N,
190551,COCC11182602,1600.002.01,2022-12-01 15:24:52.0,null,'202211302355072501437586,N,
190552,COCC11182603,1600.002.01,2022-12-01 00:43:14.0,null,'202211302350072501400980,Y,
190553,COCC11182604,1600.002.01,2022-12-01 00:43:28.0,null,'202211302352082501419541,Y,
190554,COCC11182604,1600.002.01,2022-12-01 00:43:28.0,null,'202211302352082501419541,Y,
190555,COCC11182605,1600.002.01,2022-12-01 21:11:29.0,null,'202212010016592501599006,N,
190556,COCC11182606,1600.002.01,2022-12-01 02:21:36.0,null,'202211302350122501402382,Y,
190557,CO11352895,9000,2022-11-30 23:52:12.0,null,'202211302348082501387091,Y,
190558,CO11352895,1600.002.01,2022-12-01 14:04:32.0,null,'202211302354072501432019,Y,
190559,CO11352894,1600.002,2022-12-02 00:30:49.0,null,'202211302348082501387151,N,
190560,CO11352893,9000,2022-11-30 23:54:16.0,null,'202211302348082501387219,N,
190561,CO11352893,9000,2022-11-30 23:54:16.0,null,'202211302348082501387219,N,
190562,CO11352892,1600.002.01,2022-12-01 00:25:06.0,null,'202211302348092501387307,Y,
190563,CO11352803,1600.002.01,2022-12-01 00:52:43.0,null,'202211302348092501387361,Y,
190564,CO11352802,1600.002.01,2022-12-01 00:46:34.0,null,'202211302348092501387412,N,
190565,CO11352801,1600.002,2022-12-01 15:22:53.0,null,'202211302348102501387466,Y,
190566,CO11352900,1600.002.01,2022-12-01 00:46:38.0,null,'202211302348102501387523,Y,
190567,CO11352809,1600.002.01,2022-12-01 18:28:01.0,null,'202211302348102501387580,Y,
190568,CO11352897,1600.002.01,2022-12-01 02:41:10.0,null,'202211302348112501387645,Y,
190569,CO11352897,1600.002.01,2022-12-01 02:41:10.0,null,'202211302348112501387645,Y,
190570,CO11352896,1600.002.01,2022-12-01 18:14:19.0,null,'202211302348112501387735,Y,
190571,CO11352896,1600.002.01,2022-12-01 18:14:19.0,null,'202211302348112501387735,Y,
190572,COCC11182608,1600.002.01,2022-12-01 13:44:55.0,null,'202211302350072501401028,Y,
190573,COCC11182609,1600.002.01,2022-12-01 00:14:20.0,null,'202211302350082501401231,N,
190574,COCC11182612,1600.002.01,2022-12-02 00:19:46.0,null,'202211302358082501456427,Y,
190575,COCC11182613,1600.002.02,2022-12-01 15:03:12.0,null,'202212010145092502184664,Y,
190576,COCC11182613,1600.002.02,2022-12-01 15:03:12.0,null,'202212010145092502184664,Y,
190577,COCC11182613,1600.002.02,2022-12-01 15:03:12.0,null,'202212010145092502184664,Y,
190578,COCC11182614,1600.002.01,2022-12-01 21:14:02.0,null,'202211302350122501402424,Y,
190579,COCC11182615,1600.002.01,2022-12-01 02:17:14.0,null,'202211302354102501432436,N,
190580,COCC11182615,1600.002.01,2022-12-01 02:17:14.0,null,'202211302354102501432436,N,
190581,COCC11182615,1600.002.01,2022-12-01 02:17:14.0,null,'202211302354102501432436,N,
190582,COCC11182616,1600.002.01,2022-12-01 01:50:50.0,null,'202211302357082501450391,Y,
190583,COCC11182616,1600.002.01,2022-12-01 01:50:50.0,null,'202211302357082501450391,Y,
190584,Y100126908,1600,2022-12-01 17:45:27.0,null,'202211302349452501397530,N,
190585,Y100126908,1600,2022-12-01 17:45:27.0,null,'202211302349452501397530,N,
190586,Y100126908,1600,2022-12-01 17:45:27.0,null,'202211302349452501397530,N,
190587,COCC11182618,1600.002.01,2022-12-01 00:28:43.0,null,'202211302352072501419393,Y,
190588,COCC11182618,1600.002.01,2022-12-01 00:28:43.0,null,'202211302352072501419393,Y,
190589,COCC11182619,1600.002.01,2022-12-01 02:16:49.0,null,'202211302354072501432150,N,
190590,CO11352815,1600.002.01,2022-12-01 01:53:21.0,null,'202211302350092501401360,N,
190591,CO11352815,1600.002.01,2022-12-01 01:53:21.0,null,'202211302350092501401360,N,
190592,CO11352814,1600.002.01,2022-12-01 18:07:07.0,null,'202211302350092501401563,N,
190593,CO11352813,1600.002.01,2022-12-01 18:07:06.0,null,'202211302350102501402043,N,
190594,CO11352813,1600.002.01,2022-12-01 18:07:06.0,null,'202211302350102501402043,N,
190595,CO11352813,1600.002.01,2022-12-01 18:07:06.0,null,'202211302350102501402043,N,
190596,CO11352902,1600.002.01,2022-12-01 01:08:23.0,null,'202211302350092501401946,Y,
190597,CO11352902,1600.002.01,2022-12-01 01:08:23.0,null,'202211302350092501401946,Y,
190598,CO11352901,1600.002.01,2022-12-01 02:35:47.0,null,'202211302350102501402123,Y,
190599,CO11352901,1600.002.01,2022-12-01 02:35:47.0,null,'202211302350102501402123,Y,
190600,CO11352811,9000,2022-11-30 23:55:00.0,null,'202211302350112501402164,Y,
190601,CO11352811,1600.002.01,2022-12-01 14:27:23.0,null,'202211302357072501450239,Y,
190602,CO11352810,1600.002.01,2022-12-01 01:15:37.0,null,'202211302350112501402332,Y,
190603,CO11352810,1600.002.01,2022-12-01 01:15:37.0,null,'202211302350112501402332,Y,
190604,CO11352898,1600.002.01,2022-12-01 15:14:50.0,null,'202211302350112501402222,Y,
190605,COCC11182621,1600.002.01,2022-12-01 15:27:26.0,null,'202211302354082501432185,N,
190606,COCC11182621,1600.002.01,2022-12-01 15:27:26.0,null,'202211302354082501432185,N,
190607,Y100126910,1600,2022-12-01 00:24:52.0,null,'202211302349082501393841,N,
190608,Y100126910,1600,2022-12-01 00:24:52.0,null,'202211302349082501393841,N,
190609,COCC11182622,1600.002.01,2022-12-01 02:17:44.0,null,'202211302353072501425716,Y,
190610,COCC11182622,1600.002.01,2022-12-01 02:17:44.0,null,'202211302353072501425716,Y,
190611,COCC11182625,1600.002.02,2022-12-01 02:34:31.0,null,'202211302355112501438260,Y,
190612,COCC11182625,1600.002.02,2022-12-01 02:34:31.0,null,'202211302355112501438260,Y,
190613,COCC11182625,1600.002.02,2022-12-01 02:34:31.0,null,'202211302355112501438260,Y,
190614,COCC11182625,1600.002.02,2022-12-01 02:34:31.0,null,'202211302355112501438260,Y,
190615,COCC11182625,1600.002.02,2022-12-01 02:34:31.0,null,'202211302355112501438260,Y,
190616,COCC11182627,1600.002.01,2022-12-01 16:47:36.0,null,'202212010000162501475024,N,
190617,COCC11182628,1600.002.01,2022-12-01 00:41:47.0,null,'202212010004072501511461,Y,
190618,COCC11182628,1600.002.01,2022-12-01 00:41:47.0,null,'202212010004072501511461,Y,
190619,COCC11182628,1600.002.01,2022-12-01 00:41:47.0,null,'202212010004072501511461,Y,
190620,COCC11182628,1600.002.01,2022-12-01 00:41:47.0,null,'202212010004072501511461,Y,
190621,COCC11182629,1600.002.01,2022-12-01 02:01:46.0,null,'202211302354072501432051,Y,
190622,COCC11182631,9000,2022-12-01 12:52:38.0,null,'202211302354092501432386,Y,
190623,COCC11182631,9000,2022-12-01 12:52:38.0,null,'202211302354092501432386,Y,
190624,COCC11182632,1600.002.01,2022-12-01 12:36:27.0,null,'202211302354092501432333,Y,
190625,COCC11182632,1600.002.01,2022-12-01 12:36:27.0,null,'202211302354092501432333,Y,
190626,COCC11182634,1600.002.02,2022-12-01 00:47:41.0,null,'202211302358082501456466,Y,
190627,COCC11182634,1600.002.02,2022-12-01 00:47:41.0,null,'202211302358082501456466,Y,
190628,COCC11182634,1600.002.02,2022-12-01 00:47:41.0,null,'202211302358082501456466,Y,
190629,COCC11182635,1600.002.01,2022-12-01 01:20:07.0,null,'202211302356072501443982,Y,
190630,COCC11182636,1600.002.01,2022-12-01 01:14:10.0,null,'202211302353072501425844,N,
190631,COCC11182637,1600.002.01,2022-12-01 14:39:00.0,null,'202211302356082501444069,Y,
190632,COCC11182638,1600.002.01,2022-12-01 01:41:19.0,null,'202211302353112501426433,N,
190633,COCC11182638,1600.002.01,2022-12-01 01:41:19.0,null,'202211302353112501426433,N,
190634,COCC11182639,1600.002.01,2022-12-01 14:53:03.0,null,'202212010000132501474346,Y,
190635,COCC11182640,1600.002.01,2022-12-01 00:42:52.0,null,'202211302356072501444032,Y,
190636,COCC11182641,1600.002.01,2022-12-01 14:38:43.0,null,'202211302355122501438395,Y,
190637,CO11352822,1600.002.01,2022-12-01 14:09:25.0,null,'202211302353082501425886,N,
190638,CO11352821,1600.002.01,2022-12-01 00:52:56.0,null,'202211302353082501425930,Y,
190639,CO11352821,1600.002.01,2022-12-01 00:52:56.0,null,'202211302353082501425930,Y,
190640,CO11352821,1600.002.01,2022-12-01 00:52:56.0,null,'202211302353082501425930,Y,
190641,CO11352821,1600.002.01,2022-12-01 00:52:56.0,null,'202211302353082501425930,Y,
190642,CO11352818,1600.002.01,2022-12-01 01:08:37.0,null,'202211302353092501426169,Y,
190643,CO11352818,1600.002.01,2022-12-01 01:08:37.0,null,'202211302353092501426169,Y,
190644,CO11352818,1600.002.01,2022-12-01 01:08:37.0,null,'202211302353092501426169,Y,
190645,CO11352818,1600.002.01,2022-12-01 01:08:37.0,null,'202211302353092501426169,Y,
190646,CO11352818,1600.002.01,2022-12-01 01:08:37.0,null,'202211302353092501426169,Y,
190647,CO11352818,1600.002.01,2022-12-01 01:08:37.0,null,'202211302353092501426169,Y,
190648,CO11352818,1600.002.01,2022-12-01 01:08:37.0,null,'202211302353092501426169,Y,
190649,CO11352907,1600.002.01,2022-12-01 02:33:40.0,null,'202211302353092501426084,Y,
190650,CO11352907,1600.002.01,2022-12-01 02:33:40.0,null,'202211302353092501426084,Y,
190651,CO11352907,1600.002.01,2022-12-01 02:33:40.0,null,'202211302353092501426084,Y,
190652,CO11352907,1600.002.01,2022-12-01 02:33:40.0,null,'202211302353092501426084,Y,
190653,CO11352817,1600.002.01,2022-12-01 00:35:00.0,null,'202211302353082501425994,Y,
190654,CO11352906,1600.002.01,2022-12-01 11:28:21.0,null,'202211302353092501426034,Y,
190655,CO11352904,1600.002.01,2022-12-01 00:47:51.0,null,'202211302353102501426301,Y,
190656,CO11352904,1600.002.01,2022-12-01 00:47:51.0,null,'202211302353102501426301,Y,
190657,CO11352904,1600.002.01,2022-12-01 00:47:51.0,null,'202211302353102501426301,Y,
190658,CO11352904,1600.002.01,2022-12-01 00:47:51.0,null,'202211302353102501426301,Y,
190659,CO11352904,1600.002.01,2022-12-01 00:47:51.0,null,'202211302353102501426301,Y,
190660,CO11352904,1600.002.01,2022-12-01 00:47:51.0,null,'202211302353102501426301,Y,
190661,CO11352904,1600.002.01,2022-12-01 00:47:51.0,null,'202211302353102501426301,Y,
190662,CO11352904,1600.002.01,2022-12-01 00:47:51.0,null,'202211302353102501426301,Y,
190663,CO11352903,1600.002.01,2022-12-01 01:49:05.0,null,'202211302353102501426258,Y,
190664,COCC11182646,1600.002.01,2022-12-01 01:25:22.0,null,'202212010000142501474535,Y,
190665,COCC11182646,1600.002.01,2022-12-01 01:25:22.0,null,'202212010000142501474535,Y,
190666,COCC11182648,1600.002.01,2022-12-01 00:32:20.0,null,'202211302356072501443939,N,
190667,COCC11182650,9000,2022-11-30 23:59:19.0,null,'202211302359082501463863,N,
190668,COCC11182650,9000,2022-12-01 02:29:00.0,null,'202212010000162501474970,Y,
190669,COCC11182651,1600.002.01,2022-12-01 00:41:34.0,null,'202211302358072501456311,Y,
190670,COCC11182653,1600.002.01,2022-12-01 02:49:40.0,null,'202211302358072501456211,Y,
190671,COCC11182653,1600.002.01,2022-12-01 02:49:40.0,null,'202211302358072501456211,Y,
190672,COCC11182653,1600.002.01,2022-12-01 02:49:40.0,null,'202211302358072501456211,Y,
190673,COCC11182653,1600.002.01,2022-12-01 02:49:40.0,null,'202211302358072501456211,Y,
190674,COCC11182653,1600.002.01,2022-12-01 02:49:40.0,null,'202211302358072501456211,Y,
190675,COCC11182654,1600.002.01,2022-12-01 21:14:24.0,null,'202212010000132501474437,Y,
190676,COCC11182654,1600.002.01,2022-12-01 21:14:24.0,null,'202212010000132501474437,Y,
190677,COCC11182654,1600.002.01,2022-12-01 21:14:24.0,null,'202212010000132501474437,Y,
190678,CO11352912,1600.002.01,2022-12-01 00:42:08.0,null,'202211302355092501437999,N,
190679,CO11352912,1600.002.01,2022-12-01 00:42:08.0,null,'202211302355092501437999,N,
190680,CO11352909,1600.002.01,2022-12-01 00:21:39.0,null,'202211302355102501438052,Y,
190681,CO11352908,1600.002.01,2022-12-01 00:38:40.0,null,'202211302355102501438095,Y,
190682,CO11352820,1600.002.01,2022-12-01 00:58:33.0,null,'202211302355112501438169,Y,
190683,CO11352899,1600.002.02,2022-12-01 22:00:54.0,null,'202211302355112501438208,Y,
190684,COCC11182655,1600.002.01,2022-12-01 21:14:52.0,null,'202211302358082501456372,Y,
190685,COCC11182656,1600.002.01,2022-12-01 00:42:42.0,null,'202211302358132501457299,Y,
190686,COCC11182659,1600.002.02,2022-12-01 16:14:50.0,null,'202212010002092501496132,Y,
190687,COCC11182659,1600.002.02,2022-12-01 16:14:50.0,null,'202212010002092501496132,Y,
190688,COCC11182659,1600.002.02,2022-12-01 16:14:50.0,null,'202212010002092501496132,Y,
190689,COCC11182659,1600.002.02,2022-12-01 16:14:50.0,null,'202212010002092501496132,Y,
190690,COCC11182659,1600.002.02,2022-12-01 16:14:50.0,null,'202212010002092501496132,Y,
190691,COCC11182660,1600.002.01,2022-12-01 01:50:15.0,null,'202212010000072501472238,Y,
190692,COCC11182661,1600.002.01,2022-12-01 00:52:32.0,null,'202212010004092501511649,Y,
190693,COCC11182661,1600.002.01,2022-12-01 00:52:32.0,null,'202212010004092501511649,Y,
190694,COCC11182661,1600.002.01,2022-12-01 00:52:32.0,null,'202212010004092501511649,Y,
190695,COCC11182661,1600.002.01,2022-12-01 00:52:32.0,null,'202212010004092501511649,Y,
190696,COCC11182662,1600.002.01,2022-12-02 00:20:34.0,null,'202212010008122501537664,Y,
190697,COCC11182664,1600.002.01,2022-12-01 00:41:42.0,null,'202211302359082501463908,N,
190698,COCC11182665,1600.002.01,2022-12-01 02:56:44.0,null,'202211302357082501450443,N,
190699,COCC11182666,1600.002.01,2022-12-01 02:03:17.0,null,'202212010005082501519676,Y,
190700,COCC11182667,9000,2022-12-01 00:57:36.0,null,'202211302359082501463960,Y,
190701,COCC11182669,1600.002.01,2022-12-01 00:26:57.0,null,'202211302359092501464044,N,
190702,COCC11182671,1600.002.01,2022-12-01 16:30:38.0,null,'202212010007092501531020,Y,
190703,COCC11182671,1600.002.01,2022-12-01 16:30:38.0,null,'202212010007092501531020,Y,
190704,COCC11182671,1600.002.01,2022-12-01 16:30:38.0,null,'202212010007092501531020,Y,
190705,COCC11182672,1600.002.01,2022-12-01 00:25:49.0,null,'202211302359082501463998,N,
190706,COCC11182677,1600.002.01,2022-12-01 01:32:00.0,null,'202212010011062501562558,N,
190707,CO11352918,1600.002.02,2022-12-01 16:32:44.0,null,'202211302358092501456529,Y,
190708,CO11352916,1600.002.01,2022-12-01 02:04:00.0,null,'202211302358092501456575,N,
190709,CO11352915,1600.002.01,2022-12-01 00:41:45.0,null,'202211302358092501456619,Y,
190710,CO11352824,1600.002.01,2022-12-01 02:39:26.0,null,'202211302358102501456725,N,
190711,CO11352824,1600.002.01,2022-12-01 02:39:26.0,null,'202211302358102501456725,N,
190712,CO11352823,9000,2022-12-01 11:00:10.0,null,'202212011057072505218620,N,
190713,CO11352823,9000,2022-12-01 11:00:10.0,null,'202212011057072505218620,N,
190714,CO11352823,9000,2022-12-01 11:00:10.0,null,'202212011057072505218620,N,
190715,CO11352823,9000,2022-12-01 11:00:10.0,null,'202212011057072505218620,N,
190716,CO11352823,9000,2022-12-01 00:00:01.0,null,'202211302358112501456945,N,
190717,CO11352823,9000,2022-12-01 00:00:01.0,null,'202211302358112501456945,N,
190718,CO11352823,9000,2022-12-01 00:00:01.0,null,'202211302358112501456945,N,
190719,CO11352823,9000,2022-12-01 00:00:01.0,null,'202211302358112501456945,N,
190720,CO11352913,1600.002.01,2022-12-01 00:56:18.0,null,'202211302358102501456842,Y,
190721,CO11352913,1600.002.01,2022-12-01 00:56:18.0,null,'202211302358102501456842,Y,
190722,CO11352911,1600.002.01,2022-12-01 00:53:41.0,null,'202211302358112501456895,Y,
190723,CO11352829,1600.002.01,2022-12-01 18:07:09.0,null,'202211302358112501457024,Y,
190724,CO11352922,1600.002.01,2022-12-01 12:43:34.0,null,'202211302358122501457071,Y,
190725,CO11352919,1600.002.01,2022-12-01 01:26:25.0,null,'202211302358122501457145,N,
190726,CO11352919,1600.002.01,2022-12-01 01:26:25.0,null,'202211302358122501457145,N,
190727,CO11352919,1600.002.01,2022-12-01 01:26:25.0,null,'202211302358122501457145,N,
190728,CO11352919,1600.002.01,2022-12-01 01:26:25.0,null,'202211302358122501457145,N,
190729,CO11352827,1600.002.01,2022-12-01 00:45:22.0,null,'202211302358132501457246,Y,
190730,CO11352827,1600.002.01,2022-12-01 00:45:22.0,null,'202211302358132501457246,Y,
190731,COCC11182678,1600.002.01,2022-12-01 22:01:40.0,null,'202212010003072501503622,Y,
190732,COCC11182678,1600.002.01,2022-12-01 22:01:40.0,null,'202212010003072501503622,Y,
190733,COCC11182679,1600.002.02,2022-12-01 00:49:36.0,null,'202212010002072501495828,Y,
190734,COCC11182679,1600.002.02,2022-12-01 00:49:36.0,null,'202212010002072501495828,Y,
190735,COCC11182680,1300,2022-12-01 00:09:58.0,null,'202212010003102501504271,Y,
190736,COCC11182680,1300,2022-12-01 00:09:58.0,null,'202212010003102501504271,Y,
190737,COCC11182680,1300,2022-12-01 00:09:58.0,null,'202212010003102501504271,Y,
190738,COCC11182681,1600.002.01,2022-12-01 01:57:30.0,null,'202212010008072501536790,Y,
190739,COCC11182681,1600.002.01,2022-12-01 01:57:30.0,null,'202212010008072501536790,Y,
190740,COCC11182681,1600.002.01,2022-12-01 01:57:30.0,null,'202212010008072501536790,Y,
190741,COCC11182681,1600.002.01,2022-12-01 01:57:30.0,null,'202212010008072501536790,Y,
190742,COCC11182682,1600.002.01,2022-12-01 00:57:35.0,null,'202212010000162501475094,N,
190743,COCC11182682,1600.002.01,2022-12-01 00:57:35.0,null,'202212010000162501475094,N,
190744,COCC11182684,1600.002.01,2022-12-01 14:24:23.0,null,'202212010002082501496015,Y,
190745,COCC11182685,1600.002.01,2022-12-01 01:35:09.0,null,'202212010002082501495947,N,
190746,COCC11182685,1600.002.01,2022-12-01 01:35:09.0,null,'202212010002082501495947,N,
190747,CO11352928,1600.002.01,2022-12-01 17:21:06.0,null,'202212010000102501473509,Y,
190748,CO11352834,1600.002.01,2022-12-01 00:29:43.0,null,'202212010000112501473731,N,
190749,CO11352834,1600.002.01,2022-12-01 00:29:43.0,null,'202212010000112501473731,N,
190750,CO11352834,1600.002.01,2022-12-01 00:29:43.0,null,'202212010000112501473731,N,
190751,CO11352834,1600.002.01,2022-12-01 00:29:43.0,null,'202212010000112501473731,N,
190752,CO11352831,1600.002.01,2022-12-01 16:55:24.0,null,'202212010000102501473604,Y,
190753,CO11352830,1600.002,2022-12-01 15:14:21.0,null,'202212010000102501473662,N,
190754,CO11352924,9000,2022-12-01 00:02:52.0,null,'202212010000112501473893,N,
190755,CO11352924,9000,2022-12-01 00:02:52.0,null,'202212010000112501473893,N,
190756,CO11352924,1600.002.01,2022-12-01 01:32:40.0,null,'202212010004082501511607,Y,
190757,CO11352924,1600.002.01,2022-12-01 01:32:40.0,null,'202212010004082501511607,Y,
190758,CO11352923,1600.002.02,2022-12-01 02:33:05.0,null,'202212010000112501473992,Y,
190759,CO11352923,1600.002.02,2022-12-01 02:33:05.0,null,'202212010000112501473992,Y,
190760,CO11352828,1600.002.01,2022-12-01 13:52:22.0,null,'202212010000122501474104,Y,
190761,CO11352828,1600.002.01,2022-12-01 13:52:22.0,null,'202212010000122501474104,Y,
190762,CO11352921,1600.002.01,2022-12-01 01:10:28.0,null,'202212010000132501474283,Y,
190763,CO11352920,1600.002.01,2022-12-01 02:51:22.0,null,'202212010000122501474200,N,
190764,COCC11182686,1600.002.01,2022-12-01 09:38:56.0,null,'202212010002082501495891,Y,
190765,COCC11182687,1600.002.01,2022-12-01 01:39:49.0,null,'202212010006082501525353,N,
190766,COCC11182688,1600.002.01,2022-12-01 01:54:05.0,null,'202212010002072501495775,N,
190767,COCC11182690,1600.002.01,2022-12-01 21:26:12.0,null,'202212010002092501496068,Y,
190768,COCC11182691,1600.002.01,2022-12-01 13:34:13.0,null,'202212010004082501511536,Y,
190769,COCC11182691,1600.002.01,2022-12-01 13:34:13.0,null,'202212010004082501511536,Y,
190770,COCC11182691,1600.002.01,2022-12-01 13:34:13.0,null,'202212010004082501511536,Y,
190771,COCC11182693,1600.002.01,2022-12-01 14:13:21.0,null,'202212010012072501568712,Y,
190772,COCC11182693,1600.002.01,2022-12-01 14:13:21.0,null,'202212010012072501568712,Y,
